A,AGILENT TECHNOLOGIES INC
AA,ALCOA CORP
AAL,AMERICAN AIRLINES GROUP INC
AAN,AARONS COMPANY INC
AAON,AAON INC
AAP,ADVANCE AUTO PARTS INC
AAPL,APPLE INC
AAT,AMERICAN ASSETS TRUST REIT INC
AAWW,ATLAS AIR WORLDWIDE HOLDINGS INC
ABBV,ABBVIE INC
ABC,AMERISOURCEBERGEN CORP
ABCB,AMERIS BANCORP
ABCL,ABCELLERA BIOLOGICS INC
ABG,ASBURY AUTOMOTIVE GROUP INC
ABM,ABM INDUSTRIES INC
ABMD,ABIOMED INC
ABNB,AIRBNB INC CLASS A
ABR,ARBOR REALTY TRUST REIT INC
ABT,ABBOTT LABORATORIES
ABUS,ARBUTUS BIOPHARMA CORP
ACA,ARCOSA INC
ACAD,ACADIA PHARMACEUTICALS INC
ACCD,ACCOLADE INC
ACCO,ACCO BRANDS CORP
ACEL,ACCEL ENTERTAINMENT INC CLASS A
ACET,ADICET BIO INC
ACGL,ARCH CAPITAL GROUP LTD
ACHC,ACADIA HEALTHCARE COMPANY INC
ACHR,ARCHER AVIATION INC CLASS A
ACI,ALBERTSONS COMPANY INC CLASS A
ACIW,ACI WORLDWIDE INC
ACLS,AXCELIS TECHNOLOGIES INC
ACLX,ARCELLX INC
ACM,AECOM
ACMR,ACM RESEARCH CLASS A INC
ACN,ACCENTURE PLC CLASS A
ACRE,ARES COMMERCIAL REAL ESTATE REIT C
ACRS,ACLARIS THERAPEUTICS INC
ACT,ENACT HOLDINGS INC
ACVA,ACV AUCTIONS INC CLASS A
ADBE,ADOBE INC
ADC,AGREE REALTY REIT CORP
ADEA,ADEIA INC
ADI,ANALOG DEVICES INC
ADM,ARCHER DANIELS MIDLAND
ADMA,ADMA BIOLOGICS INC
ADNT,ADIENT PLC
ADP,AUTOMATIC DATA PROCESSING INC
ADPT,ADAPTIVE BIOTECHNOLOGIES CORP
ADRO,ADURO BIOTECH CVR
ADSK,AUTODESK INC
ADT,ADT INC
ADTN,ADTRAN HOLDINGS INC
ADUS,ADDUS HOMECARE CORP
AEE,AMEREN CORP
AEIS,ADVANCED ENERGY INDUSTRIES INC
AEL,AMERICAN EQUITY INVESTMENT LIFE HO
AEO,AMERICAN EAGLE OUTFITTERS INC
AEP,AMERICAN ELECTRIC POWER INC
AERI,AERIE PHARMACEUTICALS INC
AES,AES CORP
AFCG,AFC GAMMA INC
AFG,AMERICAN FINANCIAL GROUP INC
AFL,AFLAC INC
AFRM,AFFIRM HOLDINGS INC CLASS A
AGCO,AGCO CORP
AGEN,AGENUS INC
AGIO,AGIOS PHARMACEUTICALS INC
AGL,AGILON HEALTH
AGM,FEDERAL AGRICULTURAL MORTGAGE NON
AGNC,AGNC INVESTMENT REIT CORP
AGO,ASSURED GUARANTY LTD
AGR,AVANGRID INC
AGTI,AGILITI INC
AGX,ARGAN INC
AGYS,AGILYSYS INC
AHCO,ADAPTHEALTH CORP
AHH,ARMADA HOFFLER PROPERTIES REIT INC
AI,C3 AI INC CLASS A
AIG,AMERICAN INTERNATIONAL GROUP INC
AIMC,ALTRA INDUSTRIAL MOTION CORP
AIN,ALBANY INTERNATIONAL CORP CLASS A
AIR,AAR CORP
AIRC,APARTMENT INCOME REIT CORP
AIT,APPLIED INDUSTRIAL TECHNOLOGIES IN
AIV,APARTMENT INVESTMENT AND MANAGEMEN
AIZ,ASSURANT INC
AJG,ARTHUR J GALLAGHER
AJRD,AEROJET ROCKETDYNE HOLDINGS INC
AKAM,AKAMAI TECHNOLOGIES INC
AKR,ACADIA REALTY TRUST REIT
AKRO,AKERO THERAPEUTICS INC
AKTS,AKOUSTIS TECHNOLOGIES INC
AL,AIR LEASE CORP CLASS A
ALB,ALBEMARLE CORP
ALBO,ALBIREO PHARMA INC
ALE,ALLETE INC
ALEC,ALECTOR INC
ALEX,ALEXANDER AND BALDWIN INC
ALG,ALAMO GROUP INC
ALGM,ALLEGRO MICROSYSTEMS INC
ALGN,ALIGN TECHNOLOGY INC
ALGT,ALLEGIANT TRAVEL
ALHC,ALIGNMENT HEALTHCARE INC
ALIT,ALIGHT INC CLASS A
ALK,ALASKA AIR GROUP INC
ALKS,ALKERMES
ALKT,ALKAMI TECHNOLOGY INC
ALL,ALLSTATE CORP
ALLE,ALLEGION PLC
ALLO,ALLOGENE THERAPEUTICS INC
ALLY,ALLY FINANCIAL INC
ALNY,ALNYLAM PHARMACEUTICALS INC
ALRM,ALARM.COM HOLDINGS INC
ALRS,ALERUS FINANCIAL CORP
ALSN,ALLISON TRANSMISSION HOLDINGS INC
ALTG,ALTA EQUIPMENT GROUP INC CLASS A
ALTR,ALTAIR ENGINEERING INC CLASS A
ALX,ALEXANDERS REIT INC
ALXO,ALX ONCOLOGY HOLDINGS INC
AM,ANTERO MIDSTREAM CORP
AMAL,AMALGAMATED FINANCIAL
AMAT,APPLIED MATERIAL INC
AMBA,AMBARELLA INC
AMBC,AMBAC FINANCIAL GROUP INC
AMBP,ARDAGH METAL PACKAGING SA
AMC,AMC ENTERTAINMENT HOLDINGS INC CLA
AMCR,AMCOR PLC
AMCX,AMC NETWORKS CLASS A INC
AMD,ADVANCED MICRO DEVICES INC
AME,AMETEK INC
AMED,AMEDISYS INC
AMEH,APOLLO MEDICAL HOLDINGS INC
AMG,AFFILIATED MANAGERS GROUP INC
AMGN,AMGEN INC
AMH,AMERICAN HOMES RENT REIT CLASS A
AMK,ASSETMARK FINANCIAL HOLDINGS INC
AMKR,AMKOR TECHNOLOGY INC
AMLX,AMYLYX PHARMACEUTICALS INC
AMN,AMN HEALTHCARE INC
AMNB,AMERICAN NATIONAL BANKSHARES INC
AMOT,ALLIED MOTION TECHNOLOGIES INC
AMP,AMERIPRISE FINANCE INC
AMPH,AMPHASTAR PHARMACEUTICALS INC
AMPL,AMPLITUDE INC CLASS A
AMPS,ALTUS POWER INC CLASS A
AMR,ALPHA METALLURGICAL RESOURCE INC
AMRC,AMERESCO INC CLASS A
AMRK,A MARK PRECIOUS METALS INC
AMRS,AMYRIS INC
AMRX,AMNEAL PHARMACEUTICALS INC CLASS A
AMSF,AMERISAFE INC
AMSWA,AMERICAN SOFTWARE INC CLASS A
AMT,AMERICAN TOWER REIT CORP
AMTB,AMERANT BANCORP INC CLASS A
AMWD,AMERICAN WOODMARK CORP
AMWL,AMERICAN WELL CORP CLASS A
AMZN,AMAZON COM INC
AN,AUTONATION INC
ANAB,ANAPTYSBIO INC
ANDE,ANDERSONS INC
ANET,ARISTA NETWORKS INC
ANF,ABERCROMBIE AND FITCH CLASS A
ANGO,ANGIODYNAMICS INC
ANIK,ANIKA THERAPEUTICS INC
ANIP,ANI PHARMACEUTICALS INC
ANSS,ANSYS INC
AON,AON PLC CLASS A
AORT,ARTIVION INC
AOS,A O SMITH CORP
AOSL,ALPHA AND OMEGA SEMICONDUCTOR LTD
APA,APA CORP
APAM,ARTISAN PARTNERS ASSET MANAGEMENT
APD,AIR PRODUCTS AND CHEMICALS INC
APG,API GROUP CORP
APH,AMPHENOL CORP CLASS A
APLE,APPLE HOSPITALITY REIT INC
APLS,APELLIS PHARMACEUTICALS INC
APO,APOLLO GLOBAL MANAGEMENT INC
APOG,APOGEE ENTERPRISES INC
APP,APPLOVIN CORP CLASS A
APPF,APPFOLIO INC CLASS A
APPN,APPIAN CORP CLASS A
APPS,DIGITAL TURBINE INC
APTV,APTIV PLC
AQUA,EVOQUA WATER TECHNOLOGIES CORP
AR,ANTERO RESOURCES CORP
ARCB,ARCBEST CORP
ARCH,ARCH RESOURCES INC CLASS A
ARCT,ARCTURUS THERAPEUTICS HOLDINGS INC
ARD,ARDAGH GROUP SA CLASS A
ARE,ALEXANDRIA REAL ESTATE EQUITIES RE
ARES,ARES MANAGEMENT CORP CLASS A
ARGO,ARGO GROUP INTERNATIONAL HOLDINGS
ARI,APOLLO COMMERCIAL REAL ESTATE FINA
ARKO,ARKO
ARLO,ARLO TECHNOLOGIES INC
ARMK,ARAMARK
ARNC,ARCONIC CORP
AROC,ARCHROCK INC
AROW,ARROW FINANCIAL CORP
ARQT,ARCUTIS BIOTHERAPEUTICS INC
ARR,ARMOUR RESIDENTIAL REIT INC
ARRY,ARRAY TECHNOLOGIES INC
ARTNA,ARTESIAN RESOURCES CORP CLASS A
ARVN,ARVINAS INC
ARW,ARROW ELECTRONICS INC
ARWR,ARROWHEAD PHARMACEUTICALS INC
ASAN,ASANA INC CLASS A
ASB,ASSOCIATED BANCORP
ASC,ARDMORE SHIPPING CORP
ASGN,ASGN INC
ASH,ASHLAND INC
ASIX,ADVANSIX INC
ASLE,AERSALE CORP
ASO,ACADEMY SPORTS AND OUTDOORS INC
ASPN,ASPEN AEROGELS INC
ASTE,ASTEC INDUSTRIES INC
ATEC,ALPHATEC HOLDNGS INC
ATEN,A10 NETWORKS INC
ATEX,ANTERIX INC
ATGE,ADTALEM GLOBAL EDUCATION INC
ATI,ATI INC
ATKR,ATKORE INC
ATNI,ATN INTERNATIONAL INC
ATO,ATMOS ENERGY CORP
ATR,APTARGROUP INC
ATRA,ATARA BIOTHERAPEUTICS INC
ATRC,ATRICURE INC
ATRI,ATRION CORP
ATSG,AIR TRANSPORT SERVICES GROUP INC
ATUS,ALTICE USA INC CLASS A
ATVI,ACTIVISION BLIZZARD INC
AUB,ATLANTIC UNION BANKSHARES CORP
AUPH,AURINIA PHARMACEUTICALS INC
AURA,AURA BIOSCIENCES INC
AVA,AVISTA CORP
AVAV,AEROVIRONMENT INC
AVB,AVALONBAY COMMUNITIES REIT INC
AVD,AMER VANGUARD CORP
AVDX,AVIDXCHANGE HOLDINGS INC
AVGO,BROADCOM INC
AVID,AVID TECHNOLOGY INC
AVIR,ATEA PHARMACEUTICALS INC
AVNS,AVANOS MEDICAL INC
AVNT,AVIENT CORP
AVO,MISSION PRODUCE INC
AVPT,AVEPOINT INC CLASS A
AVT,AVNET INC
AVTR,AVANTOR INC
AVXL,ANAVEX LIFE SCIENCES CORP
AVY,AVERY DENNISON CORP
AWI,ARMSTRONG WORLD INDUSTRIES INC
AWK,AMERICAN WATER WORKS INC
AWR,AMERICAN STATES WATER
AX,AXOS FINANCIAL INC
AXGN,AXOGEN INC
AXL,AMERICAN AXLE AND MANUFACTURING HO
AXNX,AXONICS INC
AXON,AXON ENTERPRISE INC
AXP,AMERICAN EXPRESS
AXS,AXIS CAPITAL HOLDINGS LTD
AXSM,AXSOME THERAPEUTICS INC
AXTA,AXALTA COATING SYSTEMS LTD
AXTI,AXT INC
AYI,ACUITY BRANDS INC
AYX,ALTERYX INC CLASS A
AZEK,AZEK COMPANY INC CLASS A
AZO,AUTOZONE INC
AZPN,ASPEN TECHNOLOGY INC
AZTA,AZENTA INC
AZZ,AZZ INC
B,BARNES GROUP INC
BA,BOEING
BAC,BANK OF AMERICA CORP
BAH,BOOZ ALLEN HAMILTON HOLDING CORP C
BALL,BALL CORP
BALY,BALLY S CORP
BANC,BANC OF CALIFORNIA INC
BAND,BANDWIDTH INC CLASS A
BANF,BANCFIRST CORP
BANR,BANNER CORP
BASE,COUCHBASE INC
BATRA,LIBERTY MEDIA LIBERTY BRAVES CORP
BATRK,LIBERTY MEDIA LIBERTY BRAVES CORP
BAX,BAXTER INTERNATIONAL INC
BBBY,BED BATH AND BEYOND INC
BBIO,BRIDGEBIO PHARMA INC
BBSI,BARRETT BUSINESS SERVICES INC
BBUC,BROOKFIELD BUSINESS CORP CLASS A
BBWI,BATH AND BODY WORKS INC
BBY,BEST BUY INC
BC,BRUNSWICK CORP
BCC,BOISE CASCADE
BCML,BAYCOM CORP
BCO,BRINKS
BCOR,BLUCORA INC
BCPC,BALCHEM CORP
BCRX,BIOCRYST PHARMACEUTICALS INC
BDC,BELDEN INC
BDN,BRANDYWINE REALTY TRUST REIT
BDX,BECTON DICKINSON
BE,BLOOM ENERGY CLASS A CORP
BEAM,BEAM THERAPEUTICS INC
BECN,BEACON ROOFING SUPPLY INC
BEN,FRANKLIN RESOURCES INC
BEPC,BROOKFIELD RENEWABLE SUBORDINATE V
BERY,BERRY GLOBAL GROUP INC
BFA,BROWN FORMAN CORP CLASS A
BFAM,BRIGHT HORIZONS FAMILY SOLUTIONS I
BFB,BROWN FORMAN CORP CLASS B
BFC,BANK FIRST CORP
BFH,BREAD FINANCIAL HOLDINGS INC
BFLY,BUTTERFLY NETWORK INC CLASS A
BFS,SAUL CENTERS REIT INC
BFST,BUSINESS FIRST BANCSHARES INC
BG,BUNGE LTD
BGCP,BGC PARTNERS INC CLASS A
BGS,B AND G FOODS INC
BHB,BAR HARBOR BANKSHARES
BHE,BENCHMARK ELECTRONICS INC
BHF,BRIGHTHOUSE FINANCIAL INC
BHG,BRIGHT HEALTH GROUP INC
BHIL,BENSON HILL INC COMMON STOCK
BHLB,BERKSHIRE HILLS BANCORP INC
BHR,BRAEMAR HOTELS RESORTS INC
BHVN,BIOHAVEN LTD
BIG,BIG LOTS INC
BIGC,BIGCOMMERCE HOLDINGS INC SERIES
BIIB,BIOGEN INC
BILL,BILL COM HOLDINGS INC
BIO,BIO RAD LABORATORIES INC CLASS A
BIPC,BROOKFIELD INFRASTRUCTURE CORP CLA
BIRD,ALLBIRDS INC CLASS A
BJ,BJS WHOLESALE CLUB HOLDINGS INC
BJRI,BJS RESTAURANTS INC
BK,BANK OF NEW YORK MELLON CORP
BKD,BROOKDALE SENIOR LIVING INC
BKE,BUCKLE INC
BKH,BLACK HILLS CORP
BKI,BLACK KNIGHT INC
BKNG,BOOKING HOLDINGS INC
BKR,BAKER HUGHES CLASS A
BKU,BANKUNITED INC
BL,BLACKLINE INC
BLD,TOPBUILD CORP
BLDE,BLADE AIR MOBILITY INC CLASS A
BLDR,BUILDERS FIRSTSOURCE INC
BLFS,BIOLIFE SOLUTIONS INC
BLFY,BLUE FOUNDRY BANCORP
BLK,BLACKROCK INC
BLKB,BLACKBAUD INC
BLMN,BLOOMIN BRANDS INC
BLND,BLEND LABS INC CLASS A
BLNK,BLINK CHARGING
BLUE,BLUEBIRD BIO INC
BLX,BANCO LATINOAMERICANO DE COMERCIO
BMBL,BUMBLE INC CLASS A
BMI,BADGER METER INC
BMRC,BANK OF MARIN BANCORP
BMRN,BIOMARIN PHARMACEUTICAL INC
BMY,BRISTOL MYERS SQUIBB
BNGO,BIONANO GENOMICS INC
BNL,BROADSTONE NET LEASE INC
BOC,BOSTON OMAHA CORP CLASS A
BOH,BANK OF HAWAII CORP
BOKF,BOK FINANCIAL CORP
BOOM,DMC GLOBAL INC
BOOT,BOOT BARN HOLDINGS INC
BORR,BORR DRILLING LTD
BOWL,BOWLERO CORP CL A COM
BOX,BOX INC CLASS A
BPMC,BLUEPRINT MEDICINES CORP
BPOP,POPULAR INC
BR,BROADRIDGE FINANCIAL SOLUTIONS INC
BRBR,BELLRING BRANDS INC
BRC,BRADY NONVOTING CORP CLASS A
BRCC,BRC INC CLASS A
BRKB,BERKSHIRE HATHAWAY INC CLASS B
BRKL,BROOKLINE BANCORP INC
BRKR,BRUKER CORP
BRMK,BROADMARK REALTY CAPITAL INC
BRO,BROWN & BROWN INC
BRP,BRP GROUP INC CLASS A
BRSP,BRIGHTSPIRE CAPITAL INC CLASS A
BRX,BRIXMOR PROPERTY GROUP REIT INC
BRY,BERRY
BSIG,BRIGHTSPHERE INVESTMENT GROUP INC
BSRR,SIERRA BANCORP
BSX,BOSTON SCIENTIFIC CORP
BSY,BENTLEY SYSTEMS INC CLASS B
BTAI,BIOXCEL THERAPEUTICS INC
BTRS,BTRS HOLDINGS INC CLASS
BTU,PEABODY ENERGY CORP
BURL,BURLINGTON STORES INC
BUSE,FIRST BUSEY CORP
BV,BRIGHTVIEW HOLDINGS INC
BW,BABCOCK AND WILCOX ENTERPRISES INC
BWA,BORGWARNER INC
BWB,BRIDGEWATER BANCSHARES INC
BWXT,BWX TECHNOLOGIES INC
BX,BLACKSTONE INC
BXC,BLUELINX HOLDINGS INC
BXMT,BLACKSTONE MORTGAGE TRUST REIT CLA
BXP,BOSTON PROPERTIES REIT INC
BY,BYLINE BANCORP INC
BYD,BOYD GAMING CORP
BYND,BEYOND MEAT INC
BZH,BEAZER HOMES INC
C,CITIGROUP INC
CABO,CABLE ONE INC
CAC,CAMDEN NATIONAL CORP
CACC,CREDIT ACCEPTANCE CORP
CACI,CACI INTERNATIONAL INC CLASS A
CADE,CADENCE BANK
CAG,CONAGRA BRANDS INC
CAH,CARDINAL HEALTH INC
CAKE,CHEESECAKE FACTORY INC
CAL,CALERES INC
CALM,CAL MAINE FOODS INC
CALX,CALIX NETWORKS INC
CANO,CANO HEALTH INC CLASS A
CAR,AVIS BUDGET GROUP INC
CARA,CARA THERAPEUTICS INC
CARE,CARTER BANKSHARES INC
CARG,CARGURUS INC CLASS A
CARR,CARRIER GLOBAL CORP
CARS,CARS.COM INC
CASH,PATHWARD FINANCIAL INC
CASS,CASS INFORMATION SYSTEMS INC
CASY,CASEYS GENERAL STORES INC
CAT,CATERPILLAR INC
CATC,CAMBRIDGE BANCORP
CATY,CATHAY GENERAL BANCORP
CB,CHUBB LTD
CBAN,COLONY BANKCORP INC
CBL,CBL ASSOCIATES PROPERTIES INC
CBOE,CBOE GLOBAL MARKETS INC
CBRE,CBRE GROUP INC CLASS A
CBRL,CRACKER BARREL OLD COUNTRY STORE I
CBSH,COMMERCE BANCSHARES INC
CBT,CABOT CORP
CBU,COMMUNITY BANK SYSTEM INC
CBZ,CBIZ INC
CC,CHEMOURS
CCB,COASTAL FINANCIAL CORP
CCBG,CAPITAL CITY BANK INC
CCCC,C4 THERAPEUTICS INC
CCCS,CCC INTELLIGENT SOLUTIONS HOLDINGS
CCF,CHASE CORP
CCI,CROWN CASTLE INC
CCK,CROWN HOLDINGS INC
CCL,CARNIVAL CORP
CCNE,CNB FINANCIAL CORP
CCO,CLEAR CHANNEL OUTDOOR HOLDINGS INC
CCOI,COGENT COMMUNICATIONS HOLDINGS INC
CCRN,CROSS COUNTRY HEALTHCARE INC
CCS,CENTURY COMMUNITIES INC
CCSI,CONSENSUS CLOUD SOLUTIONS INC
CDAY,CERIDIAN HCM HOLDING INC
CDE,COEUR MINING INC
CDMO,AVID BIOSERVICES INC
CDNA,CAREDX INC
CDNS,CADENCE DESIGN SYSTEMS INC
CDRE,CADRE HOLDINGS INC
CDW,CDW CORP
CDXS,CODEXIS INC
CE,CELANESE CORP
CEG,CONSTELLATION ENERGY CORP
CEIX,CONSOL ENERGY INC
CELH,CELSIUS HOLDINGS INC
CENT,CENTRAL GARDEN AND PET
CENTA,CENTRAL GARDEN AND PET CLASS A
CENX,CENTURY ALUMINUM
CERE,CEREVEL THERAPEUTICS HOLDINGS INC
CERS,CERUS CORP
CERT,CERTARA INC
CEVA,CEVA INC
CF,CF INDUSTRIES HOLDINGS INC
CFB,CROSSFIRST BANKSHARES INC
CFFN,CAPITOL FEDERAL FINANCIAL INC
CFG,CITIZENS FINANCIAL GROUP INC
CFLT,CONFLUENT INC CLASS A
CFR,CULLEN FROST BANKERS INC
CG,CARLYLE GROUP INC
CGEM,CULLINAN ONCOLOGY INC
CGNX,COGNEX CORP
CHCO,CITY HOLDING
CHCT,COMMUNITY HEALTHCARE TRUST INC
CHD,CHURCH AND DWIGHT INC
CHDN,CHURCHILL DOWNS INC
CHE,CHEMED CORP
CHEF,CHEFS WAREHOUSE INC
CHGG,CHEGG INC
CHH,CHOICE HOTELS INTERNATIONAL INC
CHK,CHESAPEAKE ENERGY CORP
CHPT,CHARGEPOINT HOLDINGS INC CLASS A
CHRD,CHORD ENERGY CORP
CHRS,COHERUS BIOSCIENCES INC
CHRW,CH ROBINSON WORLDWIDE INC
CHS,CHICOS FAS INC
CHTR,CHARTER COMMUNICATIONS INC CLASS A
CHUY,CHUYS HOLDINGS INC
CHX,CHAMPIONX CORP
CI,CIGNA CORP
CIEN,CIENA CORP
CIM,CHIMERA INVESTMENT CORP
CINC,CINCOR PHARMA INC
CINF,CINCINNATI FINANCIAL CORP
CIO,CITY OFFICE REIT INC
CIR,CIRCOR INTERNATIONAL INC
CIVB,CIVISTA BANCSHARES INC
CIVI,CIVITAS RESOURCES INC
CL,COLGATE-PALMOLIVE
CLBK,COLUMBIA FINANCIAL INC
CLDT,CHATHAM LODGING TRUST REIT
CLDX,CELLDEX THERAPEUTICS INC
CLF,CLEVELAND CLIFFS INC
CLFD,CLEARFIELD INC
CLH,CLEAN HARBORS INC
CLNE,CLEAN ENERGY FUELS CORP
CLOV,CLOVER HEALTH INVESTMENTS CORP CLA
CLR,CONTINENTAL RESOURCES INC
CLVT,CLARIVATE PLC
CLW,CLEARWATER PAPER CORP
CLX,CLOROX
CMA,COMERICA INC
CMAX,CAREMAX INC CLASS A
CMC,COMMERCIAL METALS
CMCO,COLUMBUS MCKINNON CORP
CMCSA,COMCAST CORP CLASS A
CME,CME GROUP INC CLASS A
CMG,CHIPOTLE MEXICAN GRILL INC
CMI,CUMMINS INC
CMP,COMPASS MINERALS INTERNATIONAL INC
CMPR,CIMPRESS PLC
CMRE,COSTAMARE INC
CMS,CMS ENERGY CORP
CMTG,CLAROS MORTGAGE TRUST INC
CNA,CNA FINANCIAL CORP
CNC,CENTENE CORP
CNDT,CONDUENT INC
CNK,CINEMARK HOLDINGS INC
CNM,CORE & MAIN INC CLASS A
CNMD,CONMED CORP
CNNE,CANNAE HOLDINGS INC
CNO,CNO FINANCIAL GROUP INC
CNOB,CONNECTONE BANCORP INC
CNP,CENTERPOINT ENERGY INC
CNS,COHEN & STEERS INC
CNSL,CONSOLIDATED COMMUNICATIONS HOLDIN
CNX,CNX RESOURCES CORP
CNXC,CONCENTRIX CORP
CNXN,PC CONNECTION INC
COCO,THE VITA COCO COMPANY INC
CODI,COMPASS DIVERSIFIED
COF,CAPITAL ONE FINANCIAL CORP
COGT,COGENT BIOSCIENCES INC
COHR,COHERENT CORP
COHU,COHU INC
COIN,COINBASE GLOBAL INC CLASS A
COKE,COCA COLA CONSOLIDATED INC
COLB,COLUMBIA BANKING SYSTEM INC
COLD,AMERICOLD REALTY INC TRUST
COLL,COLLEGIUM PHARMACEUTICAL INC
COLM,COLUMBIA SPORTSWEAR
COMM,COMMSCOPE HOLDING INC
COMP,COMPASS INC CLASS A
COO,COOPER INC
COOP,MR COOPER GROUP INC
COP,CONOCOPHILLIPS
CORT,CORCEPT THERAPEUTICS INC
CORZ,CORE SCIENTIFIC INC
COST,COSTCO WHOLESALE CORP
COTY,COTY INC CLASS A
COUP,COUPA SOFTWARE INC
COUR,COURSERA INC
COWN,COWEN INC CLASS A
CPA,COPA HOLDINGS A SA
CPB,CAMPBELL SOUP
CPE,CALLON PETROLEUM
CPF,CENTRAL PACIFIC FINANCIAL CORP
CPK,CHESAPEAKE UTILITIES CORP
CPRI,CAPRI HOLDINGS LTD
CPRT,COPART INC
CPRX,CATALYST PHARMACEUTICALS INC
CPSI,COMPUTER PROGRAMS AND SYSTEMS INC
CPT,CAMDEN PROPERTY TRUST REIT
CR,CRANE HOLDINGS
CRAI,CRA INTERNATIONAL INC
CRBU,CARIBOU BIOSCIENCES INC
CRC,CALIFORNIA RESOURCES CORP
CRDO,CREDO TECHNOLOGY GROUP HOLDING LTD
CRGE,CHARGE ENTERPRISES INC
CRGY,CRESCENT ENERGY CLASS A
CRI,CARTERS INC
CRK,COMSTOCK RESOURCES INC
CRL,CHARLES RIVER LABORATORIES INTERNA
CRM,SALESFORCE INC
CRMT,AMERICAS CAR MART INC
CRNC,CERENCE INC
CRNX,CRINETICS PHARMACEUTICALS INC
CROX,CROCS INC
CRS,CARPENTER TECHNOLOGY CORP
CRSR,CORSAIR GAMING INC
CRUS,CIRRUS LOGIC INC
CRVL,CORVEL CORP
CRWD,CROWDSTRIKE HOLDINGS INC CLASS A
CSCO,CISCO SYSTEMS INC
CSGP,COSTAR GROUP INC
CSGS,CSG SYSTEMS INTERNATIONAL INC
CSII,CARDIOVASCULAR SYSTEMS INC
CSL,CARLISLE COMPANIES INC
CSR,CENTERSPACE
CSTL,CASTLE BIOSCIENCES INC
CSTM,CONSTELLIUM SE CLASS A
CSTR,CAPSTAR FINANCIAL HOLDINGS INC
CSV,CARRIAGE SERVICES INC
CSWI,CSW INDUSTRIALS INC
CSX,CSX CORP
CTAS,CINTAS CORP
CTBI,COMMUNITY TRUST BANCORP INC
CTIC,CTI BIOPHARMA CORP
CTKB,CYTEK BIOSCIENCES INC
CTLT,CATALENT INC
CTO,CTO REALTY GROWTH INC
CTOS,CUSTOM TRUCK ONE SOURCE INC
CTRA,COTERRA ENERGY INC
CTRE,CARETRUST REIT INC
CTS,CTS CORP
CTSH,COGNIZANT TECHNOLOGY SOLUTIONS COR
CTVA,CORTEVA INC
CUBE,CUBESMART REIT
CUBI,CUSTOMERS BANCORP INC
CUTR,CUTERA INC
CUZ,COUSINS PROPERTIES REIT INC
CVBF,CVB FINANCIAL CORP
CVCO,CAVCO INDUSTRIES INC
CVGW,CALAVO GROWERS INC
CVI,CVR ENERGY INC
CVLG,COVENANT LOGISTICS GROUP INC CLASS
CVLT,COMMVAULT SYSTEMS INC
CVNA,CARVANA CLASS A
CVS,CVS HEALTH CORP
CVT,CVENT HOLDING CORP
CVX,CHEVRON CORP
CW,CURTISS WRIGHT CORP
CWEN,CLEARWAY ENERGY INC CLASS C
CWENA,CLEARWAY ENERGY INC CLASS A
CWH,CAMPING WORLD HOLDINGS INC CLASS A
CWK,CUSHMAN AND WAKEFIELD PLC
CWST,CASELLA WASTE SYSTEMS INC CLASS A
CWT,CALIFORNIA WATER SERVICE GROUP
CXW,CORECIVIC REIT INC
CYH,COMMUNITY HEALTH SYSTEMS INC
CYRX,CRYOPORT INC
CYTK,CYTOKINETICS INC
CZNC,CITIZENS AND NORTHERN CORP
CZR,CAESARS ENTERTAINMENT INC
D,DOMINION ENERGY INC
DAL,DELTA AIR LINES INC
DAN,DANA INCORPORATED INC
DAR,DARLING INGREDIENTS INC
DASH,DOORDASH INC CLASS A
DAWN,DAY ONE BIOPHARMACEUTICALS INC
DBI,DESIGNER BRANDS INC CLASS A
DBRG,DIGITALBRIDGE GROUP INC CLASS A
DBX,DROPBOX INC CLASS A
DCGO,DOCGO INC
DCI,DONALDSON INC
DCO,DUCOMMUN INC
DCOM,DIME COMMUNITY BANCSHARES INC
DCPH,DECIPHERA PHARMACEUTICALS INC
DCT,DUCK CREEK TECH INC
DD,DUPONT DE NEMOURS INC
DDD,3D SYSTEMS CORP
DDOG,DATADOG INC CLASS A
DDS,DILLARDS INC CLASS A
DE,DEERE
DEA,EASTERLY GOVERNMENT PROPERTIES INC
DECK,DECKERS OUTDOOR CORP
DEI,DOUGLAS EMMETT REIT INC
DELL,DELL TECHNOLOGIES INC CLASS C
DEN,DENBURY INC
DENN,DENNYS CORP
DFIN,DONNELLEY FINANCIAL SOLUTIONS INC
DFS,DISCOVER FINANCIAL SERVICES
DG,DOLLAR GENERAL CORP
DGII,DIGI INTERNATIONAL INC
DGX,QUEST DIAGNOSTICS INC
DH,DEFINITIVE HEALTHCARE CORP CLASS A
DHC,DIVERSIFIED HEALTHCARE TRUST
DHI,D R HORTON INC
DHIL,DIAMOND HILL INVESTMENT GROUP INC
DHR,DANAHER CORP
DHT,DHT HOLDINGS INC
DICE,DICE THERAPEUTICS INC
DIN,DINE BRANDS GLOBAL INC
DINO,HF SINCLAIR CORP
DIOD,DIODES INC
DIS,WALT DISNEY
DISH,DISH NETWORK CORP CLASS A
DJCO,DAILY JOURNAL CORP
DK,DELEK US HOLDINGS INC
DKNG,DRAFTKINGS INC CLASS A
DKS,DICKS SPORTING INC
DLB,DOLBY LABORATORIES INC CLASS A
DLR,DIGITAL REALTY TRUST REIT INC
DLTR,DOLLAR TREE INC
DLX,DELUXE CORP
DM,DESKTOP METAL INC CLASS A
DNA,GINKGO BIOWORKS HOLDINGS INC CLASS
DNB,DUN BRADST HLDG INC
DNLI,DENALI THERAPEUTICS INC
DNOW,NOW INC
DNUT,KRISPY KREME INC
DO,DIAMOND OFFSHORE DRILLING INC
DOC,PHYSICIANS REALTY TRUST REIT
DOCN,DIGITALOCEAN HOLDINGS INC
DOCS,DOXIMITY INC CLASS A
DOCU,DOCUSIGN INC
DOMO,DOMO INC CLASS B
DOOR,MASONITE INTERNATIONAL CORP
DORM,DORMAN PRODUCTS INC
DOUG,DOUGLAS ELLIMAN INC
DOV,DOVER CORP
DOW,DOW INC
DOX,AMDOCS LTD
DPZ,DOMINOS PIZZA INC
DRH,DIAMONDROCK HOSPITALITY REIT
DRI,DARDEN RESTAURANTS INC
DRQ,DRIL QUIP INC
DRVN,DRIVEN BRANDS HOLDINGS INC
DSEY,DIVERSEY HOLDINGS LTD
DSGN,DESIGN THERAPEUTICS INC
DT,DYNATRACE INC
DTE,DTE ENERGY
DTM,DT MIDSTREAM INC
DUK,DUKE ENERGY CORP
DUOL,DUOLINGO INC CLASS A
DV,DOUBLEVERIFY HOLDINGS INC
DVA,DAVITA INC
DVAX,DYNAVAX TECHNOLOGIES CORP
DVN,DEVON ENERGY CORP
DX,DYNEX CAPITAL REIT INC
DXC,DXC TECHNOLOGY
DXCM,DEXCOM INC
DXLG,DESTINATION XL GROUP INC
DXPE,DXP ENTERPRISES INC
DY,DYCOM INDUSTRIES INC
DYN,DYNE THERAPEUTICS INC
EA,ELECTRONIC ARTS INC
EAF,GRAFTECH INTERNATIONAL LTD
EAT,BRINKER INTERNATIONAL INC
EB,EVENTBRITE CLASS A INC
EBAY,EBAY INC
EBC,EASTERN BANKSHARES INC
EBF,ENNIS INC
EBIX,EBIX INC
EBS,EMERGENT BIOSOLUTIONS INC
EBTC,ENTERPRISE BANCORP INC
ECL,ECOLAB INC
ECOM,CHANNELADVISOR CORP
ECPG,ENCORE CAPITAL GROUP INC
ECVT,ECOVYST INC
ED,CONSOLIDATED EDISON INC
EDIT,EDITAS MEDICINE INC
EE,EXCELERATE ENERGY INC CLASS A
EEFT,EURONET WORLDWIDE INC
EFC,ELLINGTON FINANCIAL INC
EFSC,ENTERPRISE FINANCIAL SERVICES CORP
EFX,EQUIFAX INC
EGBN,EAGLE BANCORP INC
EGHT,8X8 INC - COM
EGIO,EDGIO INC
EGLE,EAGLE BULK SHIPPING INC
EGP,EASTGROUP PROPERTIES REIT INC
EGRX,EAGLE PHARMACEUTICALS INC
EGY,VAALCO ENERGY INC
EHAB,ENHABIT INC
EHC,ENCOMPASS HEALTH CORP
EIG,EMPLOYERS HOLDINGS INC
EIGR,EIGER BIOPHARMACEUTICALS INC
EIX,EDISON INTERNATIONAL
EL,ESTEE LAUDER INC CLASS A
ELAN,ELANCO ANIMAL HEALTH INC
ELF,ELF BEAUTY INC
ELME,ELME
ELS,EQUITY LIFESTYLE PROPERTIES REIT I
ELV,ELEVANCE HEALTH INC
EMBC,EMBECTA CORP
EME,EMCOR GROUP INC
EMN,EASTMAN CHEMICAL
EMR,EMERSON ELECTRIC
ENFN,ENFUSION INC CLASS A
ENOV,ENOVIS CORP
ENPH,ENPHASE ENERGY INC
ENR,ENERGIZER HOLDINGS INC
ENS,ENERSYS
ENSG,ENSIGN GROUP INC
ENTA,ENANTA PHARMACEUTICALS INC
ENTG,ENTEGRIS INC
ENV,ENVESTNET INC
ENVA,ENOVA INTERNATIONAL INC
ENVX,ENOVIX CORP
EOG,EOG RESOURCES INC
EOLS,EVOLUS INC
EPAC,ENERPAC TOOL GROUP CORP CLASS A
EPAM,EPAM SYSTEMS INC
EPC,EDGEWELL PERSONAL CARE
EPR,EPR PROPERTIES REIT
EPRT,ESSENTIAL PROPERTIES REALTY TRUST
EQBK,EQUITY BANCSHARES INC CLASS A
EQC,EQUITY COMMONWEALTH REIT
EQH,EQUITABLE HOLDINGS INC
EQIX,EQUINIX REIT INC
EQR,EQUITY RESIDENTIAL REIT
EQRX,EQRX INC
EQT,EQT CORP
ERAS,ERASCA INC
ERIE,ERIE INDEMNITY CLASS A
ERII,ENERGY RECOVERY INC
ES,EVERSOURCE ENERGY
ESAB,ESAB CORP
ESE,ESCO TECHNOLOGIES INC
ESGR,ENSTAR GROUP LTD
ESI,ELEMENT SOLUTIONS INC
ESMT,ENGAGESMART INC
ESNT,ESSENT GROUP LTD
ESPR,ESPERION THERAPEUTICS INC
ESRT,EMPIRE STATE REALTY REIT INC TRUST
ESS,ESSEX PROPERTY TRUST REIT INC
ESTC,ELASTIC NV
ESTE,EARTHSTONE ENERGY INC CLASS A
ETD,ETHAN ALLEN INTERIORS INC
ETN,EATON PLC
ETR,ENTERGY CORP
ETRN,EQUITRANS MIDSTREAM CORP
ETSY,ETSY INC
ETWO,E2OPEN PARENT HOLDINGS INC CLASS A
EVA,ENVIVA INC
EVBG,EVERBRIDGE INC
EVC,ENTRAVISION COMMUNICATIONS CORP CL
EVGO,EVGO INC CLASS A
EVH,EVOLENT HEALTH INC CLASS A
EVOP,EVO PAYMENTS INC CLASS A
EVR,EVERCORE INC CLASS A
EVRG,EVERGY INC
EVRI,EVERI HOLDINGS INC
EVTC,EVERTEC INC
EW,EDWARDS LIFESCIENCES CORP
EWBC,EAST WEST BANCORP INC
EWCZ,EUROPEAN WAX CENTER INC CLASS A
EXAS,EXACT SCIENCES CORP
EXC,EXELON CORP
EXEL,EXELIXIS INC
EXLS,EXLSERVICE HOLDINGS INC
EXP,EAGLE MATERIALS INC
EXPD,EXPEDITORS INTERNATIONAL OF WASHIN
EXPE,EXPEDIA GROUP INC
EXPI,EXP WORLD HOLDINGS INC
EXPO,EXPONENT INC
EXR,EXTRA SPACE STORAGE REIT INC
EXTR,EXTREME NETWORKS INC
EYE,NATIONAL VISION HOLDINGS INC
EZPW,EZCORP NON VOTING INC CLASS A
F,FORD MOTOR CO
FA,FIRST ADVANTAGE CORP
FAF,FIRST AMERICAN FINANCIAL CORP
FANG,DIAMONDBACK ENERGY INC
FARO,FARO TECHNOLOGIES INC
FAST,FASTENAL
FATE,FATE THERAPEUTICS INC
FBC,FLAGSTAR BANCORP INC
FBHS,FORTUNE BRANDS HOME AND SECURITY I
FBK,FB FINANCIAL CORP
FBMS,FIRST BANCSHARES INC
FBNC,FIRST BANCORP
FBP,FIRST BANCORP
FBRT,FRANKLIN BSP REALTY TRUST INC
FC,FRANKLIN COVEY
FCBC,FIRST COMMUNITY BANKSHARES INC
FCEL,FUELCELL ENERGY INC
FCF,FIRST COMMONWEALTH FINANCIAL CORP
FCFS,FIRSTCASH HOLDINGS INC
FCN,FTI CONSULTING INC
FCNCA,FIRST CITIZENS BANCSHARES INC CLAS
FCPT,FOUR CORNERS PROPERTY INC TRUST
FCX,FREEPORT MCMORAN INC
FDMT,4D MOLECULAR THERAPEUTICS INC
FDP,FRESH DEL MONTE PRODUCE INC
FDS,FACTSET RESEARCH SYSTEMS INC
FDX,FEDEX CORP
FE,FIRSTENERGY CORP
FEAM,5E ADVANCED MATERIALS INC
FELE,FRANKLIN ELECTRIC INC
FFBC,FIRST FINANCIAL BANCORP
FFIC,FLUSHING FINANCIAL CORP
FFIN,FIRST FINANCIAL BANKSHARES INC
FFIV,F5 INC
FFWM,FIRST FOUNDATION INC
FGEN,FIBROGEN INC
FHB,FIRST HAWAIIAN INC
FHI,FEDERATED HERMES INC CLASS B
FHN,FIRST HORIZON CORP
FIBK,FIRST INTERSTATE BANCSYSTEM INC CL
FICO,FAIR ISAAC CORP
FIGS,FIGS INC CLASS A
FIS,FIDELITY NATIONAL INFORMATION SERV
FISI,FINANCIAL INSTITUTIONS INC
FISV,FISERV INC
FITB,FIFTH THIRD BANCORP
FIVE,FIVE BELOW INC
FIVN,FIVE9 INC
FIX,COMFORT SYSTEMS USA INC
FIZZ,NATIONAL BEVERAGE CORP
FL,FOOT LOCKER INC
FLGT,FULGENT GENETICS INC
FLIC,FIRST OF LONG ISLAND CORP
FLNC,FLUENCE ENERGY INC CLASS A
FLNG,FLEX LNG LTD
FLO,FLOWERS FOODS INC
FLR,FLUOR CORP
FLS,FLOWSERVE CORP
FLT,FLEETCOR TECHNOLOGIES INC
FLYW,FLYWIRE CORP
FMAO,FARMERS AND MERCHANTS BANCORP INC
FMBH,FIRST MID BANCSHARES INC
FMC,FMC CORP
FMNB,FARMERS NATIONAL BANC CORP
FN,FABRINET
FNA,PARAGON INC
FNB,FNB CORP
FND,FLOOR DECOR HOLDINGS INC CLASS A
FNF,FIDELITY NATIONAL FINANCIAL INC
FNKO,FUNKO INC CLASS A
FNLC,FIRST BANCORP INC
FOCS,FOCUS FINANCIAL PARTNERS INC CLASS
FOLD,AMICUS THERAPEUTICS INC
FORG,FORGEROCK INC CLASS A
FORM,FORMFACTOR INC
FORR,FORRESTER RESEARCH INC
FOUR,SHIFT4 PAYMENTS INC CLASS A
FOX,FOX CORP CLASS B
FOXA,FOX CORP CLASS A
FOXF,FOX FACTORY HOLDING CORP
FPI,FARMLAND PARTNERS INC
FR,FIRST INDUSTRIAL REALTY TRUST INC
FRC,FIRST REPUBLIC BANK
FRG,FRANCHISE GROUP INC
FRME,FIRST MERCHANTS CORP
FRO,FRONTLINE LTD
FRPH,FRP HOLDINGS INC
FRPT,FRESHPET INC
FRST,PRIMIS FINANCIAL CORP
FRT,FEDERAL REALTY INVESTMENT TRUST RE
FSBC,FIVE STAR BANCORP
FSLR,FIRST SOLAR INC
FSLY,FASTLY INC CLASS A
FSR,FISKER INC CLASS A
FSS,FEDERAL SIGNAL CORP
FTDR,FRONTDOOR INC
FTNT,FORTINET INC
FTV,FORTIVE CORP
FUBO,FUBOTV INC
FUL,HB FULLER
FULC,FULCRUM THERAPEUTICS INC
FULT,FULTON FINANCIAL CORP
FWONA,LIBERTY MEDIA FORMULA ONE CORP SER
FWONK,LIBERTY MEDIA FORMULA ONE CORP SER
FWRD,FORWARD AIR CORP
FYBR,FRONTIER COMMUNICATIONS PARENT INC
G,GENPACT LTD
GABC,GERMAN AMERICAN BANCORP INC
GATX,GATX CORP
GBCI,GLACIER BANCORP INC
GBIO,GENERATION BIO
GBX,GREENBRIER INC
GCI,GANNETT CO INC
GCMG,GCM GROSVENOR INC CLASS A
GCO,GENESCO INC
GD,GENERAL DYNAMICS CORP
GDDY,GODADDY INC CLASS A
GDEN,GOLDEN ENTERTAINMENT INC
GDOT,GREEN DOT CORP CLASS A
GDYN,GRID DYNAMICS HOLDINGS INC CLASS A
GE,GENERAL ELECTRIC
GEF,GREIF INC CLASS A
GEFB,GREIF INC CLASS B
GEN,GEN DIGITAL INC
GEO,GEO GROUP REIT INC
GERN,GERON CORP
GES,GUESS INC
GEVO,GEVO INC
GFF,GRIFFON CORP
GFS,GLOBALFOUNDRIES INC
GGG,GRACO INC
GH,GUARDANT HEALTH INC
GHC,GRAHAM HOLDINGS COMPANY CLASS B
GIC,GLOBAL INDUSTRIAL
GIII,G III APPAREL GROUP LTD
GILD,GILEAD SCIENCES INC
GIS,GENERAL MILLS INC
GKOS,GLAUKOS CORP
GL,GLOBE LIFE INC
GLDD,GREAT LAKES DREDGE AND DOCK CORP
GLNG,GOLAR LNG LTD
GLOB,GLOBANT SA
GLPI,GAMING AND LEISURE PROPERTIES REIT
GLW,CORNING INC
GM,GENERAL MOTORS
GME,GAMESTOP CORP CLASS A
GMED,GLOBUS MEDICAL INC CLASS A
GMRE,GLOBAL MEDICAL REIT INC
GMS,GMS INC
GNK,GENCO SHIPPING AND TRADING LTD
GNL,GLOBAL NET LEASE INC
GNRC,GENERAC HOLDINGS INC
GNTX,GENTEX CORP
GNTY,GUARANTY BANCSHARES INC
GNW,GENWORTH FINANCIAL A INC
GO,GROCERY OUTLET HOLDING CORP
GOEV,CANOO INC CLASS A
GOGL,GOLDEN OCEAN GROUP LTD
GOGO,GOGO INC
GOLF,ACUSHNET HOLDINGS CORP
GOOD,GLADSTONE COMMERCIAL REIT CORP
GOOG,ALPHABET INC CLASS C
GOOGL,ALPHABET INC CLASS A
GOSS,GOSSAMER BIO INC
GPC,GENUINE PARTS
GPI,GROUP AUTOMOTIVE INC
GPK,GRAPHIC PACKAGING HOLDING
GPMT,GRANITE POINT MORTGAGE TRUST INC
GPN,GLOBAL PAYMENTS INC
GPOR,GULFPORT ENERGY CORP
GPRE,GREEN PLAINS INC
GPRO,GOPRO INC CLASS A
GPS,GAP INC
GRBK,GREEN BRICK PARTNERS INC
GRC,GORMAN-RUPP
GRMN,GARMIN LTD
GRWG,GROWGENERATION CORP
GS,GOLDMAN SACHS GROUP INC
GSAT,GLOBALSTAR VOTING INC
GSBC,GREAT SOUTHERN BANCORP INC
GSHD,GOOSEHEAD INSURANCE INC CLASS A
GT,GOODYEAR TIRE & RUBBER
GTES,GATES INDUSTRIAL PLC
GTLS,CHART INDUSTRIES INC
GTN,GRAY TELEVISION INC
GTXI,GTXI INC - CVR
GTY,GETTY REALTY REIT CORP
GVA,GRANITE CONSTRUCTION INC
GWH,ESS TECH INC
GWRE,GUIDEWIRE SOFTWARE INC
GWW,WW GRAINGER INC
GXO,GXO LOGISTICS INC
H,HYATT HOTELS CORP CLASS A
HA,HAWAIIAN HOLDINGS INC
HAE,HAEMONETICS CORP
HAFC,HANMI FINANCIAL CORP
HAIN,HAIN CELESTIAL GROUP INC
HAL,HALLIBURTON
HALO,HALOZYME THERAPEUTICS INC
HAS,HASBRO INC
HASI,HANNON ARMSTRONG SUSTAINABLE INFRA
HAYN,HAYNES INTERNATIONAL INC
HAYW,HAYWARD HOLDINGS INC
HBAN,HUNTINGTON BANCSHARES INC
HBCP,HOME BANCORP INC
HBI,HANESBRANDS INC
HBNC,HORIZON BANCORP INC
HCA,HCA HEALTHCARE INC
HCAT,HEALTH CATALYST INC
HCC,WARRIOR MET COAL INC
HCCI,HERITAGE CRYSTAL INC
HCI,HCI GROUP INC
HCKT,HACKETT GROUP INC
HCSG,HEALTHCARE SERVICES GROUP INC
HD,HOME DEPOT INC
HDSN,HUDSON TECHNOLOGIES INC
HE,HAWAIIAN ELECTRIC INDUSTRIES INC
HEES,H AND E EQUIPMENT SERVICES INC
HEI,HEICO CORP
HEIA,HEICO CORP CLASS A
HELE,HELEN OF TROY LTD
HES,HESS CORP
HFWA,HERITAGE FINANCIAL CORP
HGV,HILTON GRAND VACATIONS INC
HHC,HOWARD HUGHES CORP
HI,HILLENBRAND INC
HIBB,HIBBETT INC
HIFS,HINGHAM INSTITUTION FOR SAVINGS
HIG,HARTFORD FINANCIAL SERVICES GROUP
HII,HUNTINGTON INGALLS INDUSTRIES INC
HIMS,HIMS HERS HEALTH INC CLASS A
HIPO,HIPPO HOLDINGS INC
HIW,HIGHWOODS PROPERTIES REIT INC
HL,HECLA MINING
HLF,HERBALIFE NUTRITION LTD
HLI,HOULIHAN LOKEY INC CLASS A
HLIO,HELIOS TECHNOLOGIES INC
HLIT,HARMONIC INC
HLMN,HILLMAN SOLUTIONS CORP
HLNE,HAMILTON LANE INC CLASS A
HLT,HILTON WORLDWIDE HOLDINGS INC
HLTH,CUE HEALTH INC
HLX,HELIX ENERGY SOLUTIONS GROUP INC
HMN,HORACE MANN EDUCATORS CORP
HMST,HOMESTREET INC
HNI,HNI CORP
HOG,HARLEY DAVIDSON INC
HOLX,HOLOGIC INC
HOMB,HOME BANCSHARES INC
HON,HONEYWELL INTERNATIONAL INC
HONE,HARBORONE BANCORP INC
HOOD,ROBINHOOD MARKETS INC CLASS A
HOPE,HOPE BANCORP INC
HOUS,ANYWHERE REAL ESTATE INC
HP,HELMERICH & PAYNE INC
HPE,HEWLETT PACKARD ENTERPRISE
HPP,HUDSON PACIFIC PROPERTIES REIT INC
HPQ,HP INC
HQY,HEALTHEQUITY INC
HR,HEALTHCARE REALTY TRUST INC CLASS
HRB,H&R BLOCK INC
HRI,HERC HOLDINGS INC
HRL,HORMEL FOODS CORP
HRMY,HARMONY BIOSCIENCES HLDG INC
HRT,HIRERIGHT HOLDINGS CORP
HRTX,HERON THERAPEUTICS INC
HSC,HARSCO CORP
HSIC,HENRY SCHEIN INC
HSII,HEIDRICK AND STRUGGLES INTERNATION
HSKA,HESKA CORP
HST,HOST HOTELS & RESORTS REIT INC
HSTM,HEALTHSTREAM INC
HSY,HERSHEY FOODS
HT,HERSHA HOSPITALITY REIT TRUST CLAS
HTBI,HOMETRUST BANCSHARES INC
HTBK,HERITAGE COMMERCE CORP
HTH,HILLTOP HOLDINGS INC
HTLD,HEARTLAND EXPRESS INC
HTLF,HEARTLAND FINANCIAL USA INC
HTZ,HERTZ GLOBAL HLDGS INC
HUBB,HUBBELL INC
HUBG,HUB GROUP INC CLASS A
HUBS,HUBSPOT INC
HUM,HUMANA INC
HUN,HUNTSMAN CORP
HURN,HURON CONSULTING GROUP INC
HVT,HAVERTY FURNITURE COMPANIES INC
HWC,HANCOCK WHITNEY CORP
HWKN,HAWKINS INC
HWM,HOWMET AEROSPACE INC
HXL,HEXCEL CORP
HY,HYSTER YALE MATERIALS HANDLING INC
HYLN,HYLIION HOLDINGS CORP CLASS A
HZNP,HORIZON THERAPEUTICS PUBLIC PLC
HZO,MARINEMAX INC
IAA,IAA INC
IAC,IAC INC
IART,INTEGRA LIFESCIENCES HOLDINGS CORP
IAS,INTEGRAL AD SCIENCE HOLDING CORP
IBCP,INDEPENDENT BANK CORP
IBKR,INTERACTIVE BROKERS GROUP INC CLAS
IBM,INTERNATIONAL BUSINESS MACHINES CO
IBOC,INTERNATIONAL BANCSHARES CORP
IBP,INSTALLED BUILDING PRODUCTS INC
IBRX,IMMUNITYBIO INC
IBTX,INDEPENDENT BANK GROUP INC
ICE,INTERCONTINENTAL EXCHANGE INC
ICFI,ICF INTERNATIONAL INC
ICHR,ICHOR HOLDINGS LTD
ICPT,INTERCEPT PHARMACEUTICALS INC
ICUI,ICU MEDICAL INC
IDA,IDACORP INC
IDCC,INTERDIGITAL INC
IDT,IDT CORP CLASS B
IDXX,IDEXX LABORATORIES INC
IDYA,IDEAYA BIOSCIENCES INC
IEX,IDEX CORP
IFF,INTERNATIONAL FLAVORS & FRAGRANCES
IGT,INTERNATIONAL GAME TECHNOLOGY PLC
IHRT,IHEARTMEDIA INC CLASS A
IIIN,INSTEEL INDUSTRIES INC
IIIV,I3 VERTICALS INC CLASS A
IIPR,INNOVATIVE INDUSTRIAL PROPERTIES I
ILMN,ILLUMINA INC
ILPT,INDUSTRIAL LOGISTICS PROPERTIES TR
IMAX,IMAX CORP
IMGN,IMMUNOGEN INC
IMGO,IMAGO BIOSCIENCES INC
IMKTA,INGLES MARKETS INC CLASS A
IMVT,IMMUNOVANT INC
IMXI,INTERNATIONAL MONEY EXPRESS INC
INBK,FIRST INTERNET BANCORP
INBX,INHIBRX INC
INCY,INCYTE CORP
INDB,INDEPENDENT BANK CORP
INDI,INDIE SEMICONDUCTOR INC CLASS A
INDT,INDUS REALTY TRUST INC
INFA,INFORMATICA INC CLASS A
INFN,INFINERA CORP
INGN,INOGEN INC
INGR,INGREDION INC
INN,SUMMIT HOTEL PROPERTIES REIT INC
INO,INOVIO PHARMACEUTICALS INC
INSG,INSEEGO CORP
INSM,INSMED INC
INSP,INSPIRE MEDICAL SYSTEMS INC
INST,INSTRUCTURE HOLDINGS INC
INSW,INTERNATIONAL SEAWAYS INC
INT,WORLD FUEL SERVICES CORP
INTC,INTEL CORPORATION CORP
INTU,INTUIT INC
INVA,INNOVIVA INC
INVH,INVITATION HOMES INC
IONQ,IONQ INC
IONS,IONIS PHARMACEUTICALS INC
IOSP,INNOSPEC INC
IOVA,IOVANCE BIOTHERAPEUTICS INC
IP,INTERNATIONAL PAPER
IPAR,INTER PARFUMS INC
IPG,INTERPUBLIC GROUP OF COMPANIES INC
IPGP,IPG PHOTONICS CORP
IPI,INTREPID POTASH INC
IPSC,CENTURY THERAPEUTICS INC
IQV,IQVIA HOLDINGS INC
IR,INGERSOLL RAND INC
IRBT,IROBOT CORP
IRDM,IRIDIUM COMMUNICATIONS INC
IRM,IRON MOUNTAIN INC
IRT,INDEPENDENCE REALTY INC TRUST
IRTC,IRHYTHM TECHNOLOGIES INC
IRWD,IRONWOOD PHARMA INC CLASS A
ISEE,IVERIC BIO INC
ISRG,INTUITIVE SURGICAL INC
IT,GARTNER INC
ITCI,INTRA CELLULAR THERAPIES INC
ITGR,INTEGER HOLDINGS CORP
ITOS,ITEOS THERAPEUTICS INC
ITRI,ITRON INC
ITT,ITT INC
ITW,ILLINOIS TOOL INC
IVR,INVESCO MORTGAGE CAPITAL REIT INC
IVT,INVENTRUST PROPERTIES CORP
IVZ,INVESCO LTD
J,JACOBS SOLUTIONS INC
JACK,JACK IN THE BOX INC
JAMF,JAMF HOLDING CORP
JAZZ,JAZZ PHARMACEUTICALS PLC
JBGS,JBG SMITH PROPERTIES
JBHT,JB HUNT TRANSPORT SERVICES INC
JBI,JANUS INTERNATIONAL GROUP INC
JBL,JABIL INC
JBLU,JETBLUE AIRWAYS CORP
JBSS,JOHN B SANFILIPPO AND SON INC
JBT,JOHN BEAN TECHNOLOGIES CORP
JCI,JOHNSON CONTROLS INTERNATIONAL PLC
JEF,JEFFERIES FINANCIAL GROUP INC
JELD,JELD WEN HOLDING INC
JHG,JANUS HENDERSON GROUP PLC
JJSF,J AND J SNACK FOODS CORP
JKHY,JACK HENRY AND ASSOCIATES INC
JLL,JONES LANG LASALLE INC
JMSB,JOHN MARSHALL BANCORP INC
JNJ,JOHNSON & JOHNSON
JNPR,JUNIPER NETWORKS INC
JOBY,JOBY AVIATION INC CLASS A
JOE,ST JOE
JPM,JPMORGAN CHASE & CO
JRVR,JAMES RIVER GROUP HOLDINGS LTD
JWN,NORDSTROM INC
JXN,JACKSON FINANCIAL INC CLASS A
K,KELLOGG
KAI,KADANT INC
KALU,KAISER ALUMINIUM CORP
KALV,KALVISTA PHARMACEUTICALS INC
KAMN,KAMAN CORP
KAR,KAR AUCTION SERVICES INC
KBH,KB HOME
KBR,KBR INC
KD,KYNDRYL HOLDINGS INC
KDNY,CHINOOK THERAPEUTICS INC
KDP,KEURIG DR PEPPER INC
KE,KIMBALL ELECTRONICS INC
KELYA,KELLY SERVICES INC CLASS A
KEX,KIRBY CORP
KEY,KEYCORP
KEYS,KEYSIGHT TECHNOLOGIES INC
KFRC,KFORCE INC
KFY,KORN FERRY
KHC,KRAFT HEINZ
KIDS,ORTHOPEDIATRICS CORP
KIM,KIMCO REALTY REIT CORP
KKR,KKR AND CO INC
KLAC,KLA CORP
KLIC,KULICKE AND SOFFA INDUSTRIES INC
KMB,KIMBERLY CLARK CORP
KMI,KINDER MORGAN INC
KMPR,KEMPER CORP
KMT,KENNAMETAL INC
KMX,CARMAX INC
KN,KNOWLES CORP
KNBE,KNOWBE4 INC CLASS A
KNSA,KINIKSA PHARMACEUTICALS LTD CLASS
KNSL,KINSALE CAPITAL GROUP INC
KNTE,KINNATE BIOPHARMA INC
KNTK,KINETIK HOLDINGS INC CLASS A
KNX,KNIGHT-SWIFT TRANSPORTATION HOLDIN
KO,COCA-COLA
KOD,KODIAK SCIENCES INC
KODK,EASTMAN KODAK
KOP,KOPPERS HOLDINGS INC
KOS,KOSMOS ENERGY LTD
KPTI,KARYOPHARM THERAPEUTICS INC
KR,KROGER
KRC,KILROY REALTY REIT CORP
KREF,KKR REAL ESTATE FINANCE INC TRUST
KRG,KITE REALTY GROUP TRUST REIT
KRNY,KEARNY FINANCIAL CORP
KROS,KEROS THERAPEUTICS INC
KRTX,KARUNA THERAPEUTICS INC
KRUS,KURA SUSHI USA INC
KRYS,KRYSTAL BIOTECH INC
KSS,KOHLS CORP
KTB,KONTOOR BRANDS INC
KTOS,KRATOS DEFENSE AND SECURITY SOLUTI
KURA,KURA ONCOLOGY INC
KW,KENNEDY WILSON HOLDINGS INC
KWR,QUAKER CHEMICAL CORP
KYMR,KYMERA THERAPEUTICS INC
L,LOEWS CORP
LAD,LITHIA MOTORS INC
LADR,LADDER CAPITAL CORP CLASS A
LAMR,LAMAR ADVERTISING COMPANY CLAS
LANC,LANCASTER COLONY CORP
LAND,GLADSTONE LAND REIT CORP
LASR,NLIGHT INC
LAUR,LAUREATE EDUCATION INC
LAW,CS DISCO INC
LAZ,LAZARD LTD CLASS A
LAZR,LUMINAR TECHNOLOGIES INC CLASS A
LBAI,LAKELAND BANCORP INC
LBRDA,LIBERTY BROADBAND CORP SERIES A
LBRDK,LIBERTY BROADBAND CORP SERIES C
LBRT,LIBERTY ENERGY INC CLASS A
LC,LENDINGCLUB CORP
LCID,LUCID GROUP INC
LCII,LCI INDUSTRIES
LDOS,LEIDOS HOLDINGS INC
LEA,LEAR CORP
LECO,LINCOLN ELECTRIC HOLDINGS INC
LEG,LEGGETT & PLATT INC
LEN,LENNAR A CORP
LENB,LENNAR CORP CLASS B
LESL,LESLIES INC
LFG,ARCHAEA ENERGY INC CLASS A
LFST,LIFESTANCE HEALTH GROUP INC
LFUS,LITTELFUSE INC
LGFA,LIONS GATE ENTERTAINMENT VOTING CO
LGFB,LIONS GATE ENTERTAINMENT NON VOTIN
LGIH,LGI HOMES INC
LGND,LIGAND PHARMACEUTICALS INC
LH,LABORATORY CORPORATION OF AMERICA
LHCG,LHC GROUP INC
LHX,L3HARRIS TECHNOLOGIES INC
LICY,LI CYCLE HOLDINGS CORP
LII,LENNOX INTERNATIONAL INC
LILAK,LIBERTY LATIN AMERICA LTD CLASS C
LIN,LINDE PLC
LIND,LINDBLAD EXPEDITIONS HOLDINGS INC
LITE,LUMENTUM HOLDINGS INC
LIVN,LIVANOVA PLC
LKFN,LAKELAND FINANCIAL CORP
LKQ,LKQ CORP
LLY,ELI LILLY
LMAT,LEMAITRE VASCULAR INC
LMND,LEMONADE INC
LMT,LOCKHEED MARTIN CORP
LNC,LINCOLN NATIONAL CORP
LNDC,LANDEC CORP
LNG,CHENIERE ENERGY INC
LNN,LINDSAY CORP
LNT,ALLIANT ENERGY CORP
LNTH,LANTHEUS HOLDINGS INC
LNW,LIGHT WONDER INC
LOB,LIVE OAK BANCSHARES INC
LOPE,GRAND CANYON EDUCATION INC
LOW,LOWES COMPANIES INC
LPG,DORIAN LPG LTD
LPI,LAREDO PETROLEUM INC
LPLA,LPL FINANCIAL HOLDINGS INC
LPRO,OPEN LENDING CORP CLASS A
LPSN,LIVEPERSON INC
LPX,LOUISIANA PACIFIC CORP
LQDA,LIQUIDIA CORP
LQDT,LIQUIDITY SERVICES INC
LRCX,LAM RESEARCH CORP
LRN,STRIDE INC
LSCC,LATTICE SEMICONDUCTOR CORP
LSI,LIFE STORAGE INC
LSTR,LANDSTAR SYSTEM INC
LSXMA,LIBERTY MEDIA LIBERTY SIRIUSXM COR
LSXMK,LIBERTY MEDIA LIBERTY SIRIUSXM COR
LTC,LTC PROPERTIES REIT INC
LTH,LIFE TIME GROUP HOLDINGS INC
LTHM,LIVENT CORP
LULU,LULULEMON ATHLETICA INC
LUMN,LUMEN TECHNOLOGIES INC
LUNG,PULMONX CORP
LUV,SOUTHWEST AIRLINES
LVS,LAS VEGAS SANDS CORP
LW,LAMB WESTON HOLDINGS INC
LWLG,LIGHTWAVE LOGIC INC
LXFR,LUXFER HOLDINGS PLC
LXP,LXP INDUSTRIAL TRUST
LXU,LSB INDUSTRIES INC
LYB,LYONDELLBASELL INDUSTRIES NV CLASS
LYEL,LYELL IMMUNOPHARMA INC
LYFT,LYFT INC CLASS A
LYV,LIVE NATION ENTERTAINMENT INC
LZ,LEGALZOOM COM INC
LZB,LA-Z-BOY INC
M,MACYS INC
MA,MASTERCARD INC CLASS A
MAA,MID AMERICA APARTMENT COMMUNITIES
MAC,MACERICH REIT
MAN,MANPOWER INC
MANH,MANHATTAN ASSOCIATES INC
MAR,MARRIOTT INTERNATIONAL INC CLASS A
MARA,MARATHON DIGITAL HOLDINGS INC
MAS,MASCO CORP
MASI,MASIMO CORP
MASS,908 DEVICES
MAT,MATTEL INC
MATV,MATIV HOLDINGS INC
MATW,MATTHEWS INTERNATIONAL CORP CLASS
MATX,MATSON INC
MAXR,MAXAR TECHNOLOGIES INC
MBI,MBIA INC
MBIN,MERCHANTS BANCORP
MBUU,MALIBU BOATS CLASS A INC
MBWM,MERCANTILE BANK CORP
MC,MOELIS CLASS A
MCB,METROPOLITAN BANK HOLDING CORP
MCBS,METROCITY BANKSHARES INC
MCD,MCDONALDS CORP
MCFT,MASTERCRAFT BOAT HOLDINGS INC
MCHP,MICROCHIP TECHNOLOGY INC
MCK,MCKESSON CORP
MCO,MOODYS CORP
MCRB,SERES THERAPEUTICS INC
MCRI,MONARCH CASINO AND RESORT INC
MCS,THE MARCUS CORP
MCW,MISTER CAR WASH INC
MCY,MERCURY GENERAL CORP
MD,PEDIATRIX MEDICAL GROUP INC
MDB,MONGODB INC CLASS A
MDC,MDC HOLDINGS INC
MDGL,MADRIGAL PHARMACEUTICALS INC
MDLZ,MONDELEZ INTERNATIONAL INC CLASS A
MDRX,ALLSCRIPTS HEALTHCARE SOLUTIONS IN
MDT,MEDTRONIC PLC
MDU,MDU RESOURCES GROUP INC
MDXG,MIMEDX GROUP INC
ME,23ANDME HOLDING CLASS A
MED,MEDIFAST INC
MEDP,MEDPACE HOLDINGS INC
MEG,MONTROSE ENVIRONMENTAL GRP INC
MEI,METHODE ELECTRONICS INC
MET,METLIFE INC
META,META PLATFORMS INC CLASS A
MFA,MFA FINANCIAL INC
MGEE,MGE ENERGY INC
MGI,MONEYGRAM INTERNATIONAL INC
MGM,MGM RESORTS INTERNATIONAL
MGNI,MAGNITE INC
MGNX,MACROGENICS INC
MGPI,MGP INGREDIENTS INC
MGRC,MCGRATH RENT
MGY,MAGNOLIA OIL GAS CORP CLASS A
MHK,MOHAWK INDUSTRIES INC
MHO,M I HOMES INC
MIDD,MIDDLEBY CORP
MIR,MIRION TECHNOLOGIES INC CLASS A
MIRM,MIRUM PHARMACEUTICALS INC
MITK,MITEK SYSTEMS INC
MKC,MCCORMICK & CO NON-VOTING INC
MKFG,MARKFORGED HOLDING CORP
MKL,MARKEL CORP
MKSI,MKS INSTRUMENTS INC
MKTX,MARKETAXESS HOLDINGS INC
MLAB,MESA LABORATORIES INC
MLI,MUELLER INDUSTRIES INC
MLKN,MILLERKNOLL INC
MLM,MARTIN MARIETTA MATERIALS INC
MLNK,MERIDIANLINK INC
MMC,MARSH & MCLENNAN INC
MMI,MARCUS & MILLICHAP INC
MMM,3M
MMS,MAXIMUS INC
MMSI,MERIT MEDICAL SYSTEMS INC
MNKD,MANNKIND CORP
MNRL,BRIGHAM MINERALS INC CLASS A
MNRO,MONRO INC
MNST,MONSTER BEVERAGE CORP
MNTK,MONTAUK RENEWABLES INC
MNTV,MOMENTIVE GLOBAL INC
MO,ALTRIA GROUP INC
MOD,MODINE MANUFACTURING
MODG,TOPGOLF CALLAWAY BRANDS CORP
MODN,MODEL N INC
MODV,MODIVCARE INC
MOFG,MIDWESTONE FINANCIAL GROUP INC
MOGA,MOOG INC CLASS A
MOH,MOLINA HEALTHCARE INC
MORF,MORPHIC HOLDING INC
MORN,MORNINGSTAR INC
MOS,MOSAIC
MOV,MOVADO GROUP INC
MP,MP MATERIALS CORP CLASS A
MPB,MID PENN BANCORP INC
MPC,MARATHON PETROLEUM CORP
MPLN,MULTIPLAN CORP CLASS A
MPW,MEDICAL PROPERTIES TRUST REIT INC
MPWR,MONOLITHIC POWER SYSTEMS INC
MQ,MARQETA INC CLASS A
MRC,MRC GLOBAL INC
MRCY,MERCURY SYSTEMS INC
MRK,MERCK & CO INC
MRNA,MODERNA INC
MRO,MARATHON OIL CORP
MRSN,MERSANA THERAPEUTICS INC
MRTN,MARTEN TRANSPORT LTD
MRTX,MIRATI THERAPEUTICS INC
MRVI,MARAVAI LIFESCIENCES HOLDINGS INC
MRVL,MARVELL TECHNOLOGY INC
MS,MORGAN STANLEY
MSA,MSA SAFETY INC
MSBI,MIDLAND STATES BANCORP INC
MSCI,MSCI INC
MSEX,MIDDLESEX WATER
MSFT,MICROSOFT CORP
MSGE,MADISON SQUARE GARDEN ENTERTAINMEN
MSGS,MADISON SQUARE GARDEN SPORTS CORP
MSI,MOTOROLA SOLUTIONS INC
MSM,MSC INDUSTRIAL INC CLASS A
MSTR,MICROSTRATEGY INC CLASS A
MTB,M&T BANK CORP
MTCH,MATCH GROUP INC
MTD,METTLER TOLEDO INC
MTDR,MATADOR RESOURCES
MTG,MGIC INVESTMENT CORP
MTH,MERITAGE CORP
MTN,VAIL RESORTS INC
MTRN,MATERION CORP
MTSI,MACOM TECHNOLOGY SOLUTIONS INC
MTTR,MATTERPORT INC CLASS A
MTW,MANITOWOC INC
MTX,MINERALS TECHNOLOGIES INC
MTZ,MASTEC INC
MU,MICRON TECHNOLOGY INC
MUR,MURPHY OIL CORP
MUSA,MURPHY USA INC
MVIS,MICROVISION INC
MVST,MICROVAST HOLDINGS INC
MWA,MUELLER WATER PRODUCTS INC SERIES
MXCT,MAXCYTE INC
MXL,MAXLINEAR INC
MYE,MYERS INDUSTRIES INC
MYGN,MYRIAD GENETICS INC
MYRG,MYR GROUP INC
NABL,N ABLE INC
NAPA,DUCKHORN PORTFOLIO INC
NARI,INARI MEDICAL INC
NAT,NORDIC AMERICAN TANKERS LTD
NATI,NATIONAL INSTRUMENTS CORP
NAVI,NAVIENT CORP
NBHC,NATIONAL BANK HOLDINGS CORP CLASS
NBIX,NEUROCRINE BIOSCIENCES INC
NBR,NABORS INDUSTRIES LTD
NBTB,NBT BANCORP INC
NCLH,NORWEGIAN CRUISE LINE HOLDINGS LTD
NCNO,NCINO INC
NCR,NCR CORP
NDAQ,NASDAQ INC
NDSN,NORDSON CORP
NE,NOBLE CORPORATION PLC
NEE,NEXTERA ENERGY INC
NEM,NEWMONT
NEO,NEOGENOMICS INC
NEOG,NEOGEN CORP
NET,CLOUDFLARE INC CLASS A
NEU,NEWMARKET CORP
NEWR,NEW RELIC INC
NEX,NEXTIER OILFIELD SOLUTIONS INC
NFBK,NORTHFIELD BANCORP INC
NFE,NEW FORTRESS ENERGY INC CLASS A
NFG,NATIONAL FUEL GAS
NFLX,NETFLIX INC
NG,NOVAGOLD RESOURCES INC
NGM,NGM BIOPHARMACEUTICALS INC
NGVT,INGEVITY CORP
NHC,NATIONAL HEALTHCARE CORP
NHI,NATIONAL HEALTH INVESTORS REIT INC
NI,NISOURCE INC
NIC,NICOLET BANKSHARES INC
NJR,NEW JERSEY RESOURCES CORP
NKE,NIKE INC CLASS B
NKLA,NIKOLA CORP
NKTR,NEKTAR THERAPEUTICS
NKTX,NKARTA INC
NLY,ANNALY CAPITAL MANAGEMENT REIT INC
NMIH,NMI HOLDINGS INC CLASS A
NMRK,NEWMARK GROUP INC CLASS A
NNI,NELNET INC CLASS A
NNN,NATIONAL RETAIL PROPERTIES REIT IN
NNOX,NANO X IMAGING LTD
NOC,NORTHROP GRUMMAN CORP
NOG,NORTHERN OIL AND GAS INC
NOV,NOV INC
NOVA,SUNNOVA ENERGY INTERNATIONAL INC
NOVT,NOVANTA INC
NOW,SERVICENOW INC
NPK,NATIONAL PRESTO INDUSTRIES INC
NPO,ENPRO INDUSTRIES INC
NRC,NATIONAL RESEARCH CORP
NRDS,NERDWALLET INC CLASS A
NRG,NRG ENERGY INC
NRIX,NURIX THERAPEUTICS INC
NSA,NATIONAL STORAGE AFFILIATES TRUST
NSC,NORFOLK SOUTHERN CORP
NSIT,INSIGHT ENTERPRISES INC
NSP,INSPERITY INC
NSSC,NAPCO SECURITY TECHNOLOGIES INC
NSTG,NANOSTRING TECHNOLOGIES INC
NTAP,NETAPP INC
NTB,BANK OF NT BUTTERFIELD & SON LTD
NTCT,NETSCOUT SYSTEMS INC
NTGR,NETGEAR INC
NTLA,INTELLIA THERAPEUTICS INC
NTNX,NUTANIX INC CLASS A
NTRA,NATERA INC
NTRS,NORTHERN TRUST CORP
NTST,NETSTREIT CORP
NUE,NUCOR CORP
NUS,NU SKIN ENTERPRISES INC CLASS A
NUVA,NUVASIVE INC
NUVB,NUVATION BIO INC CLASS A
NUVL,NUVALENT INC CLASS A
NVAX,NOVAVAX INC
NVCR,NOVOCURE LTD
NVDA,NVIDIA CORP
NVEE,NV5 GLOBAL INC
NVR,NVR INC
NVRO,NEVRO CORP
NVST,ENVISTA HOLDINGS CORP
NVT,NVENT ELECTRIC PLC
NVTA,INVITAE CORP
NWBI,NORTHWEST BANCSHARES INC
NWE,NORTHWESTERN CORP
NWL,NEWELL BRANDS INC
NWLI,NATIONAL WESTERN LIFE GROUP INC CL
NWN,NORTHWEST NATURAL HOLDING COMPANY
NWPX,NORTHWEST PIPE
NWS,NEWS CORP CLASS B
NWSA,NEWS CORP CLASS A
NX,QUANEX BUILDING PRODUCTS CORP
NXGN,NEXTGEN HEALTHCARE INC
NXRT,NEXPOINT RESIDENTIAL TRUST INC
NXST,NEXSTAR MEDIA GROUP INC
NYCB,NEW YORK COMMUNITY BANCORP INC
NYMT,NEW YORK MORTGAGE TRUST REIT INC
NYT,NEW YORK TIMES CLASS A
O,REALTY INCOME REIT CORP
OABI,OMNIAB INC
OB,OUTBRAIN INC
OBNK,ORIGIN BANCORP INC
OC,OWENS CORNING
OCFC,OCEANFIRST FINANCIAL CORP
OCGN,OCUGEN INC
OCUL,OCULAR THERAPEUTIX INC
ODFL,OLD DOMINION FREIGHT LINE INC
ODP,ODP CORP
OEC,ORION ENGINEERED CARBONS SA
OFC,CORPORATE OFFICE PROPERTIES TRUST
OFG,OFG BANCORP
OFIX,ORTHOFIX MEDICAL INC
OGE,OGE ENERGY CORP
OGN,ORGANON
OGS,ONE GAS INC
OHI,OMEGA HEALTHCARE INVESTORS REIT IN
OI,O I GLASS INC
OII,OCEANEERING INTERNATIONAL INC
OIS,OIL STATES INTERNATIONAL INC
OKE,ONEOK INC
OKTA,OKTA INC CLASS A
OLED,UNIVERSAL DISPLAY CORP
OLLI,OLLIES BARGAIN OUTLET HOLDINGS INC
OLN,OLIN CORP
OLO,OLO INC CLASS A
OLP,ONE LIBERTY PROPERTIES REIT INC
OLPX,OLAPLEX HOLDINGS INC
OM,OUTSET MEDICAL INC
OMC,OMNICOM GROUP INC
OMCL,OMNICELL INC
OMF,ONEMAIN HOLDINGS INC
OMI,OWENS & MINOR INC
ON,ON SEMICONDUCTOR CORP
ONB,OLD NATIONAL BANCORP
ONEM,1LIFE HEALTHCARE INC
ONEW,ONEWATER MARINE CLASS A INC
ONL,ORION OFFICE REIT INC
ONTF,ON24 INC
ONTO,ONTO INNOVATION INC
OPCH,OPTION CARE HEALTH INC
OPEN,OPENDOOR TECHNOLOGIES INC
OPI,OFFICE PROPERTIES INCOME TRUST
OPK,OPKO HEALTH INC
ORA,ORMAT TECH INC
ORC,ORCHID ISLAND CAPITAL INC
ORCL,ORACLE CORP
ORGN,ORIGIN MATERIALS INC CLASS A
ORI,OLD REPUBLIC INTERNATIONAL CORP
ORLY,OREILLY AUTOMOTIVE INC
ORRF,ORRSTOWN FINANCIAL SERVICES INC
OSBC,OLD SECOND BANCORP INC
OSCR,OSCAR HEALTH INC CLASS A
OSH,OAK STREET HEALTH INC
OSIS,OSI SYSTEMS INC
OSK,OSHKOSH CORP
OSPN,ONESPAN INC
OSTK,OVERSTOCK COM INC
OSW,ONESPAWORLD HOLDINGS LTD
OTIS,OTIS WORLDWIDE CORP
OTTR,OTTER TAIL CORP
OUT,OUTFRONT MEDIA INC
OVV,OVINTIV INC
OWL,BLUE OWL CAPITAL INC CLASS A
OXM,OXFORD INDUSTRIES INC
OXY,OCCIDENTAL PETROLEUM CORP
OZK,BANK OZK
PACB,PACIFIC BIOSCIENCES OF CALIFORNIA
PACW,PACWEST BANCORP
PAG,PENSKE AUTOMOTIVE GROUP VOTING INC
PAHC,PHIBRO ANIMAL HEALTH CORP CLASS A
PANW,PALO ALTO NETWORKS INC
PAR,PAR TECHNOLOGY CORP
PARA,PARAMOUNT GLOBAL CLASS B
PARR,PAR PACIFIC HOLDINGS INC
PATH,UIPATH INC CLASS A
PATK,PATRICK INDUSTRIES INC
PAYA,PAYA HOLDINGS INC CLASS A
PAYC,PAYCOM SOFTWARE INC
PAYO,PAYONEER GLOBAL INC
PAYX,PAYCHEX INC
PB,PROSPERITY BANCSHARES INC
PBF,PBF ENERGY INC CLASS A
PBH,PRESTIGE CONSUMER HEALTHCARE INC
PCAR,PACCAR INC
PCG,PG&E CORP
PCH,POTLATCHDELTIC CORP
PCOR,PROCORE TECHNOLOGIES INC
PCRX,PACIRA BIOSCIENCES INC
PCT,PURECYCLE TECHNOLOGIES INC
PCTY,PAYLOCITY HOLDING CORP
PCVX,VAXCYTE INC
PD,PAGERDUTY INC
PDCE,PDC ENERGY INC
PDCO,PATTERSON COMPANIES INC
PDFS,PDF SOLUTIONS INC
PDM,PIEDMONT OFFICE REALTY TRUST REIT
PEAK,HEALTHPEAK PROPERTIES INC
PEB,PEBBLEBROOK HOTEL TRUST REIT
PEBO,PEOPLES BANCORP INC
PECO,PHILLIPS EDISON AND COMPANY INC
PEG,PUBLIC SERVICE ENTERPRISE GROUP IN
PEGA,PEGASYSTEMS INC
PEN,PENUMBRA INC
PENN,PENN ENTERTAINMENT INC
PEP,PEPSICO INC
PETS,PETMED EXPRESS INC
PFBC,PREFERRED BANK
PFC,PREMIER FINANCIAL CORP
PFE,PFIZER INC
PFG,PRINCIPAL FINANCIAL GROUP INC
PFGC,PERFORMANCE FOOD GROUP
PFHC,PROFRAC HOLDING CORP
PFHD,PROFESSIONAL HOLDING CORP CLASS A
PFIS,PEOPLES FINANCIAL SERVICES CORP
PFS,PROVIDENT FINANCIAL SERVICES INC
PFSI,PENNYMAC FINANCIAL SERVICES INC
PG,PROCTER & GAMBLE
PGC,PEAPACK GLADSTONE FINANCIAL CORP
PGEN,PRECIGEN INC
PGNY,PROGYNY INC
PGR,PROGRESSIVE CORP
PGRE,PARAMOUNT GROUP REIT INC
PGTI,PGT INNOVATIONS INC
PH,PARKER-HANNIFIN CORP
PHM,PULTEGROUP INC
PHR,PHREESIA INC
PI,IMPINJ INC
PII,POLARIS INC
PINC,PREMIER INC CLASS A
PINS,PINTEREST INC CLASS A
PIPR,PIPER SANDLER COMPANIES
PJT,PJT PARTNERS INC CLASS A
PK,PARK HOTELS RESORTS INC
PKG,PACKAGING CORP OF AMERICA
PKI,PERKINELMER INC
PL,PLANET LABS PBC
PLAB,PHOTRONICS INC
PLAY,DAVE AND BUSTERS ENTERTAINMENT INC
PLCE,CHILDRENS PLACE INC
PLD,PROLOGIS REIT INC
PLL,PIEDMONT LITHIUM INC
PLMR,PALOMAR HOLDINGS INC
PLNT,PLANET FITNESS INC CLASS A
PLOW,DOUGLAS DYNAMICS INC
PLTK,PLAYTIKA HOLDING CORP
PLTR,PALANTIR TECHNOLOGIES INC CLASS A
PLUG,PLUG POWER INC
PLUS,EPLUS
PLXS,PLEXUS CORP
PLYM,PLYMOUTH INDUSTRIAL REIT INC
PM,PHILIP MORRIS INTERNATIONAL INC
PMT,PENNYMAC MORTGAGE INVESTMENT TRUST
PMVP,PMV PHARMACEUTICALS INC
PNC,PNC FINANCIAL SERVICES GROUP INC
PNFP,PINNACLE FINANCIAL PARTNERS INC
PNM,PNM RESOURCES INC
PNR,PENTAIR
PNT,POINT BIOPHARMA GLOBAL INC
PNTG,PENNANT GROUP INC
PNW,PINNACLE WEST CORP
PODD,INSULET CORP
POOL,POOL CORP
POR,PORTLAND GENERAL ELECTRIC
POSH,POSHMARK INC CLASS A
POST,POST HOLDINGS INC
POWI,POWER INTEGRATIONS INC
POWW,AMMO INC
PPBI,PACIFIC PREMIER BANCORP INC
PPC,PILGRIMS PRIDE CORP
PPG,PPG INDUSTRIES INC
PPL,PPL CORP
PR,PERMIAN RESOURCES CORP CLASS A
PRA,PROASSURANCE CORP
PRAA,PRA GROUP INC
PRCT,PROCEPT BIOROBOTICS CORP
PRDO,PERDOCEO EDUCATION CORP
PRFT,PERFICIENT INC
PRG,PROG HOLDINGS INC
PRGO,PERRIGO PLC
PRGS,PROGRESS SOFTWARE CORP
PRI,PRIMERICA INC
PRIM,PRIMORIS SERVICES CORP
PRK,PARK NATIONAL CORP
PRLB,PROTO LABS INC
PRM,PERIMETER SOLUTIONS SA
PRMW,PRIMO WATER CORP
PRO,PROS HOLDINGS INC
PRTA,PROTHENA PLC
PRTS,CARPARTS COM INC
PRU,PRUDENTIAL FINANCIAL INC
PRVA,PRIVIA HEALTH GROUP INC
PRVB,PROVENTION BIO INC
PSA,PUBLIC STORAGE REIT
PSFE,PAYSAFE LTD
PSMT,PRICESMART INC
PSN,PARSONS CORP
PSTG,PURE STORAGE INC CLASS A
PSTL,POSTAL REALTY TRUST INC CLASS A
PSX,PHILLIPS 66
PTC,PTC INC
PTCT,PTC THERAPEUTICS INC
PTEN,PATTERSON UTI ENERGY INC
PTGX,PROTAGONIST THERAPEUTICS INC
PTLO,PORTILLO S INC CLASS A
PTON,PELOTON INTERACTIVE CLASS A INC
PTRA,PROTERRA INC
PTVE,PACTIV EVERGREEN INC
PUBM,PUBMATIC INC CLASS A
PUMP,PROPETRO HOLDING CORP
PVH,PVH CORP
PWP,PERELLA WEINBERG PARTNERS CLASS A
PWR,QUANTA SERVICES INC
PWSC,POWERSCHOOL HOLDINGS INC CLASS A
PXD,PIONEER NATURAL RESOURCE
PYCR,PAYCOR HCM INC
PYPL,PAYPAL HOLDINGS INC
PZZA,PAPA JOHNS INTERNATIONAL INC
QCOM,QUALCOMM INC
QCRH,QCR HOLDINGS INC
QDEL,QUIDELORTHO CORP
QGEN,QIAGEN NV
QLYS,QUALYS INC
QNST,QUINSTREET INC
QRTEA,QURATE RETAIL INC SERIES A
QRVO,QORVO INC
QS,QUANTUMSCAPE CORP CLASS A
QSI,QUANTUM SI INC CLASS A
QTRX,QUANTERIX CORP
QTWO,Q2 HOLDINGS INC
R,RYDER SYSTEM INC
RAD,RITE AID CORP
RADI,RADIUS GLOBAL INFRASTRUCTURE INC C
RAMP,LIVERAMP HOLDINGS INC
RAPT,RAPT THERAPEUTICS INC
RARE,ULTRAGENYX PHARMACEUTICAL INC
RBC,RBC BEARINGS INC
RBCAA,REPUBLIC BANCORP INC CLASS A
RBLX,ROBLOX CORP CLASS A
RC,READY CAPITAL CORP
RCII,RENT-A-CENTER INC
RCKT,ROCKET PHARMACEUTICALS INC
RCL,ROYAL CARIBBEAN GROUP LTD
RCM,R1 RCM INC
RCUS,ARCUS BIOSCIENCES INC
RDFN,REDFIN CORP
RDN,RADIAN GROUP INC
RDNT,RADNET INC
RE,EVEREST RE GROUP LTD
REG,REGENCY CENTERS REIT CORP
REGN,REGENERON PHARMACEUTICALS INC
RELY,REMITLY GLOBAL INC
REPL,REPLIMUNE GROUP INC
RES,RPC INC
RETA,REATA PHARMACEUTICALS INC CLASS A
REVG,REV GROUP INC
REX,REX AMERICAN RESOURCES CORP
REXR,REXFORD INDUSTRIAL REALTY REIT INC
REYN,REYNOLDS CONSUMER PRODUCTS INC
REZI,RESIDEO TECHNOLOGIES INC
RF,REGIONS FINANCIAL CORP
RFP,RESOLUTE FOREST PRODUCTS INC
RGA,REINSURANCE GROUP OF AMERICA INC
RGEN,REPLIGEN CORP
RGLD,ROYAL GOLD INC
RGNX,REGENXBIO INC
RGP,RESOURCES CONNECTION INC
RGR,STURM RUGER INC
RH,RH
RHI,ROBERT HALF
RHP,RYMAN HOSPITALITY PROPERTIES REIT
RICK,RCI HOSPITALITY HOLDINGS INC
RIDE,LORDSTOWN MOTORS CORP CLASS A
RILY,B RILEY FINANCIAL INC
RIOT,RIOT BLOCKCHAIN INC
RITM,RITHM CAPITAL CORP
RIVN,RIVIAN AUTOMOTIVE INC CLASS A
RJF,RAYMOND JAMES INC
RKLB,ROCKET LAB USA INC
RKT,ROCKET COMPANIES INC CLASS A
RL,RALPH LAUREN CORP CLASS A
RLAY,RELAY THERAPEUTICS INC
RLI,RLI CORP
RLJ,RLJ LODGING TRUST REIT
RLMD,RELMADA THERAPEUTICS INC
RM,REGIONAL MANAGEMENT CORP
RMAX,RE MAX HOLDINGS INC CLASS A
RMBS,RAMBUS INC
RMD,RESMED INC
RMR,RMR GROUP INC CLASS A
RNA,AVIDITY BIOSCIENCES INC
RNG,RINGCENTRAL INC CLASS A
RNR,RENAISSANCERE HOLDING LTD
RNST,RENASANT CORP
ROAD,CONSTRUCTION PARTNERS INC CLASS A
ROCC,RANGER OIL CORP CLASS A
ROCK,GIBRALTAR INDUSTRIES INC
ROG,ROGERS CORP
ROIC,RETAIL OPPORTUNITY INVESTMENTS REI
ROK,ROCKWELL AUTOMATION INC
ROKU,ROKU INC CLASS A
ROL,ROLLINS INC
ROP,ROPER TECHNOLOGIES INC
ROST,ROSS STORES INC
ROVR,ROVER GROUP INC CLASS A
RPAY,REPAY HOLDINGS CORP CLASS A
RPD,RAPID7 INC
RPM,RPM INTERNATIONAL INC
RPRX,ROYALTY PHARMA PLC CLASS A
RPT,RPT REALTY
RRC,RANGE RESOURCES CORP
RRR,RED ROCK RESORTS ORS CLASS A INC
RRX,REGAL REXNORD CORP
RS,RELIANCE STEEL & ALUMINUM
RSG,REPUBLIC SERVICES INC
RSI,RUSH STREET INTERACTIVE INC CLASS
RTX,RAYTHEON TECHNOLOGIES CORP
RUN,SUNRUN INC
RUSHA,RUSH ENTERPRISES INC CLASS A
RUSHB,RUSH ENTERPRISES INC CLASS B
RUTH,RUTHS HOSPITALITY GROUP INC
RVLV,REVOLVE GROUP CLASS A INC
RVMD,REVOLUTION MEDICINES INC
RVNC,REVANCE THERAPEUTICS INC
RWT,REDWOOD TRUST REIT INC
RXDX,PROMETHEUS BIOSCIENCES INC
RXRX,RECURSION PHARMACEUTICALS INC CLAS
RXST,RXSIGHT INC
RYAM,RAYONIER ADVANCED MATERIALS INC
RYAN,RYAN SPECIALTY HOLDINGS INC CLASS
RYI,RYERSON HOLDING CORP
RYN,RAYONIER REIT INC
S,SENTINELONE INC CLASS A
SABR,SABRE CORP
SAFE,SAFEHOLD INC
SAFT,SAFETY INSURANCE GROUP INC
SAGE,SAGE THERAPEUTICS INC
SAH,SONIC AUTOMOTIVE INC CLASS A
SAIA,SAIA INC
SAIC,SCIENCE APPLICATIONS INTERNATIONAL
SAM,BOSTON BEER INC CLASS A
SANA,SANA BIOTECHNOLOGY INC
SANM,SANMINA CORP
SASR,SANDY SPRING BANCORP INC
SATS,ECHOSTAR CORP CLASS A
SAVA,CASSAVA SCIENCES INC
SAVE,SPIRIT AIRLINES INC
SBAC,SBA COMMUNICATIONS REIT CORP CLASS
SBCF,SEACOAST BANKING OF FLORIDA
SBGI,SINCLAIR BROADCAST GROUP INC CLASS
SBH,SALLY BEAUTY HOLDINGS INC
SBNY,SIGNATURE BANK
SBOW,SILVERBOW RESOURCES INC
SBRA,SABRA HEALTH CARE REIT INC
SBSI,SOUTHSIDE BANCSHARES INC
SBUX,STARBUCKS CORP
SCCO,SOUTHERN COPPER CORP
SCHL,SCHOLASTIC CORP
SCHN,SCHNITZER STEEL INDUSTRIES INC CLA
SCHW,CHARLES SCHWAB CORP
SCI,SERVICE
SCL,STEPAN
SCS,STEELCASE INC CLASS A
SCSC,SCANSOURCE INC
SCVL,SHOE CARNIVAL INC
SDGR,SCHRODINGER INC
SEAS,SEAWORLD ENTERTAINMENT INC
SEB,SEABOARD CORP
SEE,SEALED AIR CORP
SEER,SEER INC CLASS A
SEIC,SEI INVESTMENTS
SEM,SELECT MEDICAL HOLDINGS CORP
SENEA,SENECA FOODS CORP CLASS A
SENS,SENSEONICS HOLDINGS INC
SF,STIFEL FINANCIAL CORP
SFBS,SERVISFIRST BANCSHARES INC
SFIX,STITCH FIX INC CLASS A
SFL,SFL LTD
SFM,SPROUTS FARMERS MARKET INC
SFNC,SIMMONS FIRST NATIONAL CORP CLASS
SFST,SOUTHERN FIRST BANCSHARES INC
SG,SWEETGREEN INC CLASS A
SGEN,SEAGEN INC
SGFY,SIGNIFY HEALTH INC CLASS A
SGH,SMART GLOBAL HOLDINGS
SGMO,SANGAMO THERAPEUTICS INC
SGRY,SURGERY PARTNERS INC
SHAK,SHAKE SHACK INC CLASS A
SHBI,SHORE BANCSHARES INC
SHC,SOTERA HEALTH COMPANY
SHCR,SHARECARE INC CLASS A
SHEN,SHENANDOAH TELECOMMUNICATIONS
SHLS,SHOALS TECHNOLOGIES GROUP INC CLAS
SHO,SUNSTONE HOTEL INVESTORS REIT INC
SHOO,STEVEN MADDEN LTD
SHW,SHERWIN WILLIAMS
SHYF,SHYFT GROUP INC
SI,SILVERGATE CAPITAL CLASS A CORP
SIBN,SI BONE INC
SIG,SIGNET JEWELERS LTD
SIGA,SIGA TECHNOLOGIES INC
SIGI,SELECTIVE INSURANCE GROUP INC
SILK,SILK ROAD MEDICAL INC
SIRI,SIRIUS XM HOLDINGS INC
SITC,SITE CENTERS CORP
SITE,SITEONE LANDSCAPE SUPPLY INC
SITM,SITIME CORP
SIVB,SVB FINANCIAL GROUP
SIX,SIX FLAGS ENTERTAINMENT CORP
SJI,S JERSEY INDS INC
SJM,JM SMUCKER
SJW,SJW GROUP
SKIN,BEAUTY HEALTH COMPANY CLASS A CLAS
SKLZ,SKILLZ INC CLASS A
SKT,TANGER FACTORY OUTLET CENTERS REIT
SKX,SKECHERS USA INC CLASS A
SKY,SKYLINE CHAMPION CORP
SKYW,SKYWEST INC
SLAB,SILICON LABORATORIES INC
SLB,SCHLUMBERGER NV
SLCA,US SILICA HOLDINGS INC
SLDP,SOLID POWER INC CLASS A
SLG,SL GREEN REALTY REIT CORP
SLGC,SOMALOGIC INC CLASS A
SLGN,SILGAN HOLDINGS INC
SLM,SLM CORP
SLP,SIMULATIONS PLUS INC
SLVM,SYLVAMO CORP
SM,SM ENERGY
SMAR,SMARTSHEET INC CLASS A
SMBC,SOUTHERN MISSOURI BANCORP INC
SMBK,SMARTFINANCIAL INC
SMCI,SUPER MICRO COMPUTER INC
SMG,SCOTTS MIRACLE GRO
SMMF,SUMMIT FINANCIAL GROUP INC
SMP,STANDARD MOTOR PRODUCTS INC
SMPL,THE SIMPLY GOOD FOODS COMPANY
SMR,NUSCALE POWER CORP CLASS A
SMRT,SMARTRENT INC CLASS A
SMTC,SEMTECH CORP
SNA,SNAP ON INC
SNBR,SLEEP NUMBER CORP
SNCY,SUN COUNTRY AIRLINES HOLDINGS INC
SNDR,SCHNEIDER NATIONAL INC CLASS B
SNDX,SYNDAX PHARMACEUTICALS INC
SNEX,STONEX GROUP INC
SNOW,SNOWFLAKE CLASS A
SNPS,SYNOPSYS INC
SNV,SYNOVUS FINANCIAL CORP
SNX,TD SYNNEX CORP
SO,SOUTHERN
SOFI,SOFI TECHNOLOGIES INC
SOI,SOLARIS OILFIELD INFRASTRUCTURE IN
SON,SONOCO PRODUCTS
SOND,SONDER HOLDINGS INC CLASS A
SONO,SONOS INC
SOVO,SOVOS BRANDS INC
SP,SP PLUS CORP
SPB,SPECTRUM BRANDS HOLDINGS INC
SPCE,VIRGIN GALACTIC HOLDINGS INC SHS C
SPFI,SOUTH PLAINS FINANCIAL INC
SPG,SIMON PROPERTY GROUP REIT INC
SPGI,S&P GLOBAL INC
SPLK,SPLUNK INC
SPNE,SEASPINE HOLDINGS CORP
SPNS,SAPIENS INTERNATIONAL NV
SPNT,SIRIUSPOINT LTD
SPOT,SPOTIFY TECHNOLOGY SA
SPR,SPIRIT AEROSYSTEMS INC CLASS A
SPSC,SPS COMMERCE INC
SPT,SPROUT SOCIAL INC CLASS A
SPTN,SPARTANNASH
SPWH,SPORTSMANS WAREHOUSE HOLDINGS INC
SPWR,SUNPOWER CORP
SPXC,SPX TECHNOLOGIES CORP
SQ,BLOCK INC CLASS A
SQSP,SQUARESPACE INC CLASS A
SR,SPIRE INC
SRC,SPIRIT REALTY CAPITAL REIT INC
SRCE,1ST SOURCE CORP
SRCL,STERICYCLE INC
SRDX,SURMODICS INC
SRE,SEMPRA
SRI,STONERIDGE INC
SRNE,SORRENTO THERAPEUTICS INC
SRPT,SAREPTA THERAPEUTICS INC
SSB,SOUTHSTATE CORP
SSD,SIMPSON MANUFACTURING INC
SSNC,SS AND C TECHNOLOGIES HOLDINGS INC
SSP,EW SCRIPPS CLASS A
SSRM,SSR MINING INC
SSTK,SHUTTERSTOCK INC
ST,SENSATA TECHNOLOGIES HOLDING PLC
STAA,STAAR SURGICAL
STAG,STAG INDUSTRIAL REIT INC
STAR,ISTAR REIT INC
STBA,S AND T BANCORP INC
STC,STEWART INFO SERVICES CORP
STE,STERIS
STEL,STELLAR BANCORP INC
STEM,STEM INC
STEP,STEPSTONE GROUP INC CLASS A
STER,STERLING CHECK CORP
STGW,STAGWELL INC CLASS A
STKL,SUNOPTA INC
STLD,STEEL DYNAMICS INC
STNE,STONECO LTD CLASS A
STNG,SCORPIO TANKERS INC
STOK,STOKE THERAPEUTICS INC
STOR,STORE CAPITAL CORP
STR,SITIO ROYALTIES CORP CLASS A
STRA,STRATEGIC EDUCATION INC
STRC,SARCOS TECHNOLOGY AND ROBOTICS COR
STRL,STERLING INFRASTRUCTURE INC
STRO,SUTRO BIOPHARMA INC
STT,STATE STREET CORP
STWD,STARWOOD PROPERTY TRUST REIT INC
STZ,CONSTELLATION BRANDS INC CLASS A
SUI,SUN COMMUNITIES REIT INC
SUM,SUMMIT MATERIALS INC CLASS A
SUMO,SUMO LOGIC INC
SUPN,SUPERNUS PHARMACEUTICALS INC
SVC,SERVICE PROPERTIES TRUST
SWAV,SHOCKWAVE MEDICAL INC
SWBI,SMITH WESSON BRANDS INC
SWCH,SWITCH INC CLASS A
SWI,SOLARWINDS CORP
SWK,STANLEY BLACK & DECKER INC
SWKS,SKYWORKS SOLUTIONS INC
SWN,SOUTHWESTERN ENERGY
SWTX,SPRINGWORKS THERAPEUTICS INC
SWX,SOUTHWEST GAS HOLDINGS INC
SXC,SUNCOKE ENERGY INC
SXI,STANDEX INTERNATIONAL CORP
SXT,SENSIENT TECHNOLOGIES CORP
SYBT,STOCK YARDS BANCORP INC
SYF,SYNCHRONY FINANCIAL
SYK,STRYKER CORP
SYNA,SYNAPTICS INC
SYNH,SYNEOS HEALTH INC CLASS A
SYY,SYSCO CORP
T,AT&T INC
TA,TRAVELCENTERS OF AMERICA INC
TALO,TALOS ENERGY INC
TAP,MOLSON COORS BREWING CLASS B
TARS,TARSUS PHARMACEUTICALS INC
TBBK,BANCORP INC
TBI,TRUEBLUE INC
TBK,TRIUMPH BANCORP INC
TBPH,THERAVANCE BIOPHARMA INC
TCBI,TEXAS CAPITAL BANCSHARES INC
TCBK,TRICO BANCSHARES
TCBX,THIRD COAST BANCSHARES INC
TCDA,TRICIDA INC
TCX,TUCOWS INC
TDC,TERADATA CORP
TDG,TRANSDIGM GROUP INC
TDOC,TELADOC HEALTH INC
TDS,TELEPHONE AND DATA SYSTEMS INC
TDW,TIDEWATER INC
TDY,TELEDYNE TECHNOLOGIES INC
TEAM,ATLASSIAN CORP CLASS A
TECH,BIO TECHNE CORP
TELL,TELLURIAN INC
TEN,TENNECO INC CLASS A
TENB,TENABLE HOLDINGS INC
TER,TERADYNE INC
TEX,TEREX CORP
TFC,TRUIST FINANCIAL CORP
TFM,FRESH MARKET ESCROW
TFSL,TFS FINANCIAL CORP
TFX,TELEFLEX INC
TG,TREDEGAR CORP
TGH,TEXTAINER GROUP HOLDINGS LTD
TGI,TRIUMPH GROUP INC
TGNA,TEGNA INC
TGT,TARGET CORP
TGTX,TG THERAPEUTICS INC
TH,TARGET HOSPITALITY CORP
THC,TENET HEALTHCARE CORP
THFF,FIRST FINANCIAL CORPORATION INDIAN
THG,HANOVER INSURANCE GROUP INC
THO,THOR INDUSTRIES INC
THR,THERMON GROUP HOLDINGS INC
THRM,GENTHERM INC
THRY,THRYV HOLDINGS INC
THS,TREEHOUSE FOODS INC
Ticker,Name
TIL,INSTIL BIO INC
TILE,INTERFACE INC
TITN,TITAN MACHINERY INC
TJX,TJX INC
TKR,TIMKEN
TLS,TELOS CORPORATION CORP
TMCI,TREACE MEDICAL CONCEPTS INC
TMDX,TRANSMEDICS GROUP INC
TMHC,TAYLOR MORRISON HOME CORP
TMO,THERMO FISHER SCIENTIFIC INC
TMP,TOMPKINS FINANCIAL CORP
TMST,TIMKENSTEEL CORP
TMUS,T MOBILE US INC
TNC,TENNANT
TNDM,TANDEM DIABETES CARE INC
TNET,TRINET GROUP INCINARY
TNGX,TANGO THERAPEUTICS INC
TNK,TEEKAY TANKERS LTD CLASS A
TNL,TRAVEL LEISURE
TOL,TOLL BROTHERS INC
TOST,TOAST INC CLASS A
TOWN,TOWNEBANK
TPB,TURNING POINT BRANDS INC
TPH,TRI POINTE HOMES INC
TPIC,TPI COMPOSITES INC
TPL,TEXAS PACIFIC LAND CORP
TPR,TAPESTRY INC
TPX,TEMPUR SEALY INTERNATIONAL INC
TR,TOOTSIE ROLL INDUSTRIES INC
TRC,TEJON RANCH
TREE,LENDINGTREE INC
TREX,TREX INC
TRGP,TARGA RESOURCES CORP
TRIP,TRIPADVISOR INC
TRMB,TRIMBLE INC
TRMK,TRUSTMARK CORP
TRN,TRINITY INDUSTRIES INC
TRNO,TERRENO REALTY REIT CORP
TRNS,TRANSCAT INC
TROW,T ROWE PRICE GROUP INC
TROX,TRONOX HOLDINGS PLC
TRS,TRIMAS CORP
TRST,TRUSTCO BANK CORP
TRTN,TRITON INTERNATIONAL LTD
TRTX,TPG RE FINANCE TRUST INC
TRU,TRANSUNION
TRUP,TRUPANION INC
TRV,TRAVELERS COMPANIES INC
TSCO,TRACTOR SUPPLY
TSE,TRINSEO PLC
TSLA,TESLA INC
TSN,TYSON FOODS INC CLASS A
TSP,TUSIMPLE HOLDINGS INC CLASS A
TSVT,2SEVENTY BIO INC
TT,TRANE TECHNOLOGIES PLC
TTC,TORO
TTCF,TATTOOED CHEF INC CLASS A
TTD,TRADE DESK INC CLASS A
TTEC,TTEC HOLDINGS INC
TTEK,TETRA TECH INC
TTGT,TECHTARGET INC
TTI,TETRA TECHNOLOGIES INC
TTMI,TTM TECHNOLOGIES INC
TTWO,TAKE TWO INTERACTIVE SOFTWARE INC
TUP,TUPPERWARE BRANDS CORP
TVTX,TRAVERE THERAPEUTICS INC
TW,TRADEWEB MARKETS INC CLASS A
TWI,TITAN INTERNATIONAL INC
TWKS,THOUGHTWORKS HOLDING INC
TWLO,TWILIO INC CLASS A
TWNK,HOSTESS BRANDS INC CLASS A
TWO,TWO HARBORS INVESTMENT CORP
TWOU,2U INC
TWST,TWIST BIOSCIENCE CORP
TXG,10X GENOMICS INC CLASS A
TXN,TEXAS INSTRUMENT INC
TXRH,TEXAS ROADHOUSE INC
TXT,TEXTRON INC
TYL,TYLER TECHNOLOGIES INC
U,UNITY SOFTWARE INC
UA,UNDER ARMOUR INC CLASS C
UAA,UNDER ARMOUR INC CLASS A
UAL,UNITED AIRLINES HOLDINGS INC
UBA,URSTADT BIDDLE PROPERTIES REIT INC
UBER,UBER TECHNOLOGIES INC
UBSI,UNITED BANKSHARES INC
UCBI,UNITED COMMUNITY BANKS INC
UCTT,ULTRA CLEAN HOLDINGS INC
UDMY,UDEMY INC
UDR,UDR REIT INC
UE,URBAN EDGE PROPERTIES
UEC,URANIUM ENERGY CORP
UFCS,UNITED FIRE GROUP INC
UFPI,UFP INDUSTRIES INC
UFPT,UFP TECHNOLOGIES INC
UGI,UGI CORP
UHAL,AMERCO
UHALB,AMERCO NON VOTING SERIES N
UHS,UNIVERSAL HEALTH SERVICES INC CLAS
UHT,UNIVERSAL HEALTH REALTY INCOME TRU
UI,UBIQUITI INC
UIS,UNISYS CORP
ULCC,FRONTIER GROUP HOLDINGS INC
ULH,UNIVERSAL LOGISTICS INC
ULTA,ULTA BEAUTY INC
UMBF,UMB FINANCIAL CORP
UMH,UMH PROPERTIES INC
UMPQ,UMPQUA HOLDINGS CORP
UNF,UNIFIRST CORP
UNFI,UNITED NATURAL FOODS INC
UNH,UNITEDHEALTH GROUP INC
UNIT,UNITI GROUP INC
UNM,UNUM
UNP,UNION PACIFIC CORP
UNVR,UNIVAR SOLUTIONS INC
UPS,UNITED PARCEL SERVICE INC CLASS B
UPST,UPSTART HOLDINGS INC
UPWK,UPWORK INC
URBN,URBAN OUTFITTERS INC
URG,UR ENERGY INC
URI,UNITED RENTALS INC
USB,US BANCORP
USER,USERTESTING INC
USFD,US FOODS HOLDING CORP
USNA,USANA HEALTH SCIENCES INC
USPH,US PHYSICAL THERAPY INC
UTHR,UNITED THERAPEUTICS CORP
UTL,UNITIL CORP
UTMD,UTAH MEDICAL PRODUCTS INC
UTZ,UTZ BRANDS INC CLASS A
UUUU,ENERGY FUELS INC
UVE,UNIVERSAL INSURANCE HOLDINGS INC
UVSP,UNIVEST FINANCIAL CORP
UVV,UNIVERSAL CORP
UWMC,UWM HOLDINGS CORP CLASS A
V,VISA INC CLASS A
VAC,MARRIOTT VACATIONS WORLDWIDE CORP
VAL,VALARIS LTD
VBTX,VERITEX HOLDINGS INC
VC,VISTEON CORP
VCEL,VERICEL CORP
VCSA,VACASA INC CLASS A
VCTR,VICTORY CAPITAL HOLDINGS CLASS A I
VCYT,VERACYTE INC
VECO,VEECO INSTRUMENTS INC
VEEV,VEEVA SYSTEMS INC CLASS A
VERU,VERU INC
VERV,VERVE THERAPEUTICS INC
VFC,VF CORP
VGR,VECTOR GROUP LTD
VIAV,VIAVI SOLUTIONS INC
VICI,VICI PPTYS INC
VICR,VICOR CORP
VIR,VIR BIOTECHNOLOGY INC
VIRT,VIRTU FINANCIAL INC CLASS A
VITL,VITAL FARMS INC
VIVO,MERIDIAN BIOSCIENCE INC
VLO,VALERO ENERGY CORP
VLTA,VOLTA INC CLASS A
VLY,VALLEY NATIONAL
VMC,VULCAN MATERIALS
VMEO,VIMEO INC
VMI,VALMONT INDS INC
VMW,VMWARE CLASS A INC
VNDA,VANDA PHARMACEUTICALS INC
VNO,VORNADO REALTY TRUST REIT
VNT,VONTIER CORP
VOYA,VOYA FINANCIAL INC
VPG,VISHAY PRECISION GROUP INC
VRAY,VIEWRAY INC
VRDN,VIRIDIAN THERAPEUTICS ORS INC
VRE,VERIS RESIDENTIAL INC
VREX,VAREX IMAGING CORP
VRNS,VARONIS SYSTEMS INC
VRNT,VERINT SYSTEMS INC
VRRM,VERRA MOBILITY CORP CLASS A
VRSK,VERISK ANALYTICS INC
VRSN,VERISIGN INC
VRT,VERTIV HOLDINGS CLASS A
VRTS,VIRTUS INVESTMENT PARTNERS INC
VRTV,VERITIV CORP
VRTX,VERTEX PHARMACEUTICALS INC
VSAT,VIASAT INC
VSCO,VICTORIA S SECRET
VSEC,VSE CORP
VSH,VISHAY INTERTECHNOLOGY INC
VST,VISTRA CORP
VSTO,VISTA OUTDOOR INC
VTNR,VERTEX ENERGY INC
VTOL,BRISTOW GROUP INC
VTR,VENTAS REIT INC
VTRS,VIATRIS INC
VTYX,VENTYX BIOSCIENCES INC
VUZI,VUZIX CORP
VVI,VIAD CORP
VVNT,VIVINT SMART HOME INC CLASS A
VVV,VALVOLINE INC
VVX,V2X INC
VXRT,VAXART INC
VZ,VERIZON COMMUNICATIONS INC
VZIO,VIZIO HOLDING CORP CLASS A
W,WAYFAIR INC CLASS A
WAB,WESTINGHOUSE AIR BRAKE TECHNOLOGIE
WABC,WESTAMERICA BANCORPORATION
WAFD,WASHINGTON FEDERAL INC
WAL,WESTERN ALLIANCE
WASH,WASHINGTON TRUST BANCORP INC
WAT,WATERS CORP
WBA,WALGREEN BOOTS ALLIANCE INC
WBD,WARNER BROS. DISCOVERY INC SERIES
WBS,WEBSTER FINANCIAL CORP
WCC,WESCO INTERNATIONAL INC
WD,WALKER & DUNLOP INC
WDAY,WORKDAY INC CLASS A
WDC,WESTERN DIGITAL CORP
WDFC,WD-40
WE,WEWORK INC CLASS A
WEC,WEC ENERGY GROUP INC
WELL,WELLTOWER
WEN,WENDYS
WERN,WERNER ENTERPRISES INC
WEX,WEX INC
WFC,WELLS FARGO
WFRD,WEATHERFORD INTERNATIONAL PLC
WGO,WINNEBAGO INDUSTRIES INC
WH,WYNDHAM HOTELS RESORTS INC
WHD,CACTUS INC CLASS A
WHR,WHIRLPOOL CORP
WINA,WINMARK CORP
WING,WINGSTOP INC
WIRE,ENCORE WIRE CORP
WISH,CONTEXTLOGIC INC CLASS A
WIX,WIX.COM LTD
WK,WORKIVA INC CLASS A
WKHS,WORKHORSE GROUP INC
WLK,WESTLAKE CORP
WLLAW,CHORD ENERGY EQUITY WARRANTS EXP S
WLLBW,CHORD ENERGY EQUITY WARRANTS SERIE
WLY,JOHN WILEY AND SONS INC CLASS A
WM,WASTE MANAGEMENT INC
WMB,WILLIAMS INC
WMK,WEIS MARKETS INC
WMS,ADVANCED DRAINAGE SYSTEMS INC
WMT,WALMART INC
WNC,WABASH NATIONAL CORP
WOLF,WOLFSPEED INC
WOOF,PETCO HEALTH AND WELLNESS COMPANY
WOR,WORTHINGTON INDUSTRIES INC
WOW,WIDEOPENWEST INC
WPC,W. P. CAREY REIT INC
WRB,WR BERKLEY CORP
WRBY,WARBY PARKER INC CLASS A
WRK,WESTROCK
WRLD,WORLD ACCEPTANCE CORP
WSBC,WESBANCO INC
WSBF,WATERSTONE FINANCIAL INC
WSC,WILLSCOT MOBILE MINI HOLDINGS CORP
WSFS,WSFS FINANCIAL CORP
WSM,WILLIAMS SONOMA INC
WSO,WATSCO INC
WSR,WHITESTONE REIT
WST,WEST PHARMACEUTICAL SERVICES INC
WT,WISDOMTREE INC
WTBA,WEST BANCORPORATION INC
WTFC,WINTRUST FINANCIAL CORP
WTI,W AND T OFFSHORE INC
WTM,WHITE MOUNTAINS INSURANCE GROUP LT
WTRG,ESSENTIAL UTILITIES INC
WTS,WATTS WATER TECHNOLOGIES INC CLASS
WTTR,SELECT ENERGY SERVICES INC CLASS A
WTW,WILLIS TOWERS WATSON PLC
WU,WESTERN UNION
WWD,WOODWARD INC
WWE,WORLD WRESTLING ENTERTAINMENT INC
WWW,WOLVERINE WORLD WIDE INC
WY,WEYERHAEUSER REIT
WYNN,WYNN RESORTS LTD
X,US STEEL CORP
XEL,XCEL ENERGY INC
XERS,XERIS BIOPHARMA HOLDINGS INC
XHR,XENIA HOTELS RESORTS REIT INC
XMTR,XOMETRY INC CLASS A
XNCR,XENCOR INC
XOM,EXXON MOBIL CORP
XPEL,XPEL INC
XPER,XPERI INC
XPO,XPO LOGISTICS INC
XPRO,EXPRO GROUP HOLDINGS NV
XRAY,DENTSPLY SIRONA INC
XRX,XEROX HOLDINGS CORP
XYL,XYLEM INC
YELP,YELP INC
YETI,YETI HOLDINGS INC
YEXT,YEXT INC
YMAB,Y MABS THERAPEUTICS INC
YORW,YORK WATER
YOU,CLEAR SECURE INC CLASS A
YUM,YUM BRANDS INC
Z,ZILLOW GROUP INC CLASS C
ZBH,ZIMMER BIOMET HOLDINGS INC
ZBRA,ZEBRA TECHNOLOGIES CORP CLASS A
ZD,ZIFF DAVIS INC
ZEN,ZENDESK INC
ZETA,ZETA GLOBAL HOLDINGS CORP CLASS A
ZG,ZILLOW GROUP INC CLASS A
ZGN,Ermenegildo Zenga N V (A)
ZGNX,ZOGENIX INC CVR
ZI,ZOOMINFO TECHNOLOGIES INC
ZIMV,ZIMVIE INC
ZION,ZIONS BANCORPORATION
ZIP,ZIPRECRUITER INC CLASS A
ZM,ZOOM VIDEO COMMUNICATIONS INC CLAS
ZNTL,ZENTALIS PHARMACEUTICALS INC
ZS,ZSCALER INC
ZTS,ZOETIS INC CLASS A
ZUMZ,ZUMIEZ INC
ZUO,ZUORA INC CLASS A
ZWS,ZURN ELKAY WATER SOLUTIONS CORP
